ID,y
TEST_0000,83.91698
TEST_0001,82.13947
TEST_0002,87.1986
TEST_0003,87.7386
TEST_0004,82.519775
TEST_0005,82.49384
TEST_0006,82.727806
TEST_0007,82.61293
TEST_0008,87.46742
TEST_0009,82.485115
TEST_0010,83.43677
TEST_0011,80.1121
TEST_0012,80.1121
TEST_0013,83.329216
TEST_0014,82.73093
TEST_0015,88.792145
TEST_0016,84.62865
TEST_0017,83.707985
TEST_0018,82.6684
TEST_0019,86.934135
TEST_0020,84.088356
TEST_0021,80.1121
TEST_0022,86.52469
TEST_0023,82.97961
TEST_0024,80.1121
TEST_0025,83.556625
TEST_0026,80.1121
TEST_0027,82.20993
TEST_0028,80.1121
TEST_0029,85.07929
TEST_0030,80.1121
TEST_0031,80.1121
TEST_0032,80.1121
TEST_0033,83.08107
TEST_0034,80.1121
TEST_0035,83.49145
TEST_0036,83.024376
TEST_0037,80.1121
TEST_0038,82.47866
TEST_0039,84.18717
TEST_0040,86.889656
TEST_0041,83.95865
TEST_0042,83.389
TEST_0043,82.25703
TEST_0044,84.7811
TEST_0045,82.38573
TEST_0046,82.16878
TEST_0047,80.1121
TEST_0048,86.61708
TEST_0049,83.35441
TEST_0050,80.1121
TEST_0051,82.357376
TEST_0052,80.1121
TEST_0053,82.42228
TEST_0054,83.31582
TEST_0055,83.70117
TEST_0056,86.78949
TEST_0057,80.1121
TEST_0058,87.14869
TEST_0059,82.68148
TEST_0060,87.316956
TEST_0061,83.92912
TEST_0062,80.1121
TEST_0063,80.1121
TEST_0064,80.1121
TEST_0065,87.494835
TEST_0066,83.46167
TEST_0067,87.434654
TEST_0068,80.1121
TEST_0069,84.55463
TEST_0070,82.07473
TEST_0071,80.1121
TEST_0072,83.27685
TEST_0073,83.14311
TEST_0074,82.63264
TEST_0075,84.15117
TEST_0076,86.559166
TEST_0077,80.1121
TEST_0078,82.45161
TEST_0079,84.19007
TEST_0080,83.13072
TEST_0081,83.94504
TEST_0082,87.14796
TEST_0083,80.1121
TEST_0084,87.15737
TEST_0085,88.66717
TEST_0086,88.70543
TEST_0087,82.19304
TEST_0088,80.1121
TEST_0089,82.57216
TEST_0090,80.1121
TEST_0091,82.644135
TEST_0092,83.913574
TEST_0093,82.471695
TEST_0094,80.1121
TEST_0095,85.02245
TEST_0096,87.641884
TEST_0097,82.50978
TEST_0098,86.79158
TEST_0099,80.1121
TEST_0100,81.98944
TEST_0101,82.209305
TEST_0102,82.51442
TEST_0103,80.1121
TEST_0104,85.85371
TEST_0105,82.596725
TEST_0106,86.22833
TEST_0107,87.83682
TEST_0108,87.66131
TEST_0109,83.597694
TEST_0110,80.1121
TEST_0111,82.39033
TEST_0112,82.850655
TEST_0113,82.81458
TEST_0114,80.1121
TEST_0115,82.67132
TEST_0116,82.275375
TEST_0117,80.1121
TEST_0118,80.1121
TEST_0119,82.56451
TEST_0120,82.56601
TEST_0121,80.1121
TEST_0122,88.29085
TEST_0123,87.78222
TEST_0124,82.61653
TEST_0125,87.928535
TEST_0126,86.89155
TEST_0127,80.1121
TEST_0128,82.68725
TEST_0129,82.97523
TEST_0130,88.37466
TEST_0131,87.33825
TEST_0132,82.05722
TEST_0133,80.1121
TEST_0134,84.71103
TEST_0135,80.1121
TEST_0136,80.1121
TEST_0137,82.78705
TEST_0138,80.1121
TEST_0139,83.7197
TEST_0140,82.557434
TEST_0141,84.06157
TEST_0142,87.30997
TEST_0143,88.607834
TEST_0144,80.1121
TEST_0145,82.37828
TEST_0146,82.97793
TEST_0147,82.36783
TEST_0148,82.374756
TEST_0149,80.1121
TEST_0150,80.1121
TEST_0151,80.1121
TEST_0152,80.1121
TEST_0153,81.979
TEST_0154,82.838005
TEST_0155,85.70083
TEST_0156,82.69861
TEST_0157,83.5542
TEST_0158,82.356926
TEST_0159,87.208405
TEST_0160,84.37966
TEST_0161,88.646385
TEST_0162,82.337494
TEST_0163,86.94839
TEST_0164,82.1472
TEST_0165,82.58168
TEST_0166,87.42515
TEST_0167,87.754074
TEST_0168,82.43677
TEST_0169,82.34425
TEST_0170,86.97333
TEST_0171,82.04216
TEST_0172,82.48915
TEST_0173,84.4716
TEST_0174,80.1121
TEST_0175,80.1121
TEST_0176,80.1121
TEST_0177,84.72952
TEST_0178,82.848694
TEST_0179,80.1121
TEST_0180,88.81749
TEST_0181,80.1121
TEST_0182,86.120544
TEST_0183,84.728836
TEST_0184,81.951454
TEST_0185,82.74321
TEST_0186,82.33536
TEST_0187,82.4574
TEST_0188,84.82412
TEST_0189,83.27937
TEST_0190,83.60828
TEST_0191,80.1121
TEST_0192,80.1121
TEST_0193,82.20824
TEST_0194,82.853485
TEST_0195,83.2415
TEST_0196,80.1121
TEST_0197,80.1121
TEST_0198,80.1121
TEST_0199,82.52149
TEST_0200,85.09658
TEST_0201,80.1121
TEST_0202,80.1121
TEST_0203,88.48057
TEST_0204,85.696495
TEST_0205,86.43018
TEST_0206,84.480835
TEST_0207,88.04938
TEST_0208,80.1121
TEST_0209,82.86131
TEST_0210,82.514175
TEST_0211,80.1121
TEST_0212,87.39544
TEST_0213,84.62696
TEST_0214,82.58973
TEST_0215,86.28215
TEST_0216,87.00559
TEST_0217,83.89922
TEST_0218,87.424095
TEST_0219,82.87106
TEST_0220,84.33595
TEST_0221,80.1121
TEST_0222,83.01471
TEST_0223,80.1121
TEST_0224,88.23018
TEST_0225,82.49996
TEST_0226,80.1121
TEST_0227,82.488014
TEST_0228,86.92167
TEST_0229,80.1121
TEST_0230,84.75838
TEST_0231,85.33097
TEST_0232,80.1121
TEST_0233,82.11622
TEST_0234,82.175964
TEST_0235,82.960205
TEST_0236,82.20973
TEST_0237,80.1121
TEST_0238,84.877426
TEST_0239,82.666954
TEST_0240,82.888
TEST_0241,87.54315
TEST_0242,80.1121
TEST_0243,82.397766
TEST_0244,80.1121
TEST_0245,83.92103
TEST_0246,83.380775
TEST_0247,80.1121
TEST_0248,84.732895
TEST_0249,80.1121
TEST_0250,82.6332
TEST_0251,83.50839
TEST_0252,80.1121
TEST_0253,84.9895
TEST_0254,80.1121
TEST_0255,82.32299
TEST_0256,83.46388
TEST_0257,82.45757
TEST_0258,81.92398
TEST_0259,80.1121
TEST_0260,82.9677
TEST_0261,80.1121
TEST_0262,86.398384
TEST_0263,80.1121
TEST_0264,80.1121
TEST_0265,83.27328
TEST_0266,82.69967
TEST_0267,80.1121
TEST_0268,82.42121
TEST_0269,80.1121
TEST_0270,81.9666
TEST_0271,83.71108
TEST_0272,80.1121
TEST_0273,82.21329
TEST_0274,84.53145
TEST_0275,82.02669
TEST_0276,80.1121
TEST_0277,82.30669
TEST_0278,83.05009
TEST_0279,80.1121
TEST_0280,80.1121
TEST_0281,82.80791
TEST_0282,81.837906
TEST_0283,81.98612
TEST_0284,82.635864
TEST_0285,82.33757
TEST_0286,80.1121
TEST_0287,82.43725
TEST_0288,80.1121
TEST_0289,85.61615
TEST_0290,80.1121
TEST_0291,87.41282
TEST_0292,82.513916
TEST_0293,85.17262
TEST_0294,82.359215
TEST_0295,80.1121
TEST_0296,83.22458
TEST_0297,82.25493
TEST_0298,86.83989
TEST_0299,80.1121
TEST_0300,81.96001
TEST_0301,84.27414
TEST_0302,86.3877
TEST_0303,82.893936
TEST_0304,82.8044
TEST_0305,82.831245
TEST_0306,87.39405
TEST_0307,82.31471
TEST_0308,85.3486
TEST_0309,88.62465
TEST_0310,80.1121
TEST_0311,87.45855
TEST_0312,83.8706
TEST_0313,87.90375
TEST_0314,84.223274
TEST_0315,84.99443
TEST_0316,80.1121
TEST_0317,83.04294
TEST_0318,80.1121
TEST_0319,83.93039
TEST_0320,87.909096
TEST_0321,80.1121
TEST_0322,83.33511
TEST_0323,82.923676
TEST_0324,83.3726
TEST_0325,82.45138
TEST_0326,80.1121
TEST_0327,83.10323
TEST_0328,82.29892
TEST_0329,83.50731
TEST_0330,82.905
TEST_0331,82.97442
TEST_0332,80.1121
TEST_0333,82.4538
TEST_0334,82.43566
TEST_0335,84.13521
TEST_0336,82.39434
TEST_0337,82.37055
TEST_0338,82.35632
TEST_0339,82.58029
TEST_0340,80.1121
TEST_0341,86.634445
TEST_0342,82.641365
TEST_0343,80.1121
TEST_0344,82.76436
TEST_0345,86.27502
TEST_0346,82.768776
TEST_0347,87.94564
TEST_0348,83.91704
TEST_0349,83.49669
TEST_0350,82.31966
TEST_0351,84.38417
TEST_0352,83.09944
TEST_0353,80.1121
TEST_0354,80.1121
TEST_0355,87.28958
TEST_0356,82.43733
TEST_0357,81.93511
TEST_0358,80.1121
TEST_0359,80.1121
TEST_0360,82.389046
TEST_0361,80.1121
TEST_0362,83.29596
TEST_0363,83.37383
TEST_0364,82.3308
TEST_0365,82.30832
TEST_0366,80.1121
TEST_0367,80.1121
TEST_0368,80.1121
TEST_0369,83.47454
TEST_0370,83.25559
TEST_0371,80.1121
TEST_0372,84.81193
TEST_0373,82.962746
TEST_0374,80.1121
TEST_0375,82.933975
TEST_0376,82.42932
TEST_0377,82.32194
TEST_0378,88.08045
TEST_0379,84.30478
TEST_0380,82.5624
TEST_0381,82.431076
TEST_0382,80.1121
TEST_0383,83.47794
TEST_0384,83.55736
TEST_0385,83.20029
TEST_0386,80.1121
TEST_0387,80.1121
TEST_0388,82.73114
TEST_0389,87.74633
TEST_0390,80.1121
TEST_0391,84.035255
TEST_0392,87.98967
TEST_0393,82.28778
TEST_0394,80.1121
TEST_0395,82.833466
TEST_0396,86.39814
TEST_0397,80.1121
TEST_0398,82.521355
TEST_0399,86.987595
TEST_0400,83.21165
TEST_0401,82.594574
TEST_0402,80.1121
TEST_0403,88.560135
TEST_0404,80.1121
TEST_0405,84.334274
TEST_0406,85.9207
TEST_0407,80.1121
TEST_0408,80.1121
TEST_0409,82.92932
TEST_0410,87.738335
TEST_0411,81.998665
TEST_0412,80.1121
TEST_0413,82.492935
TEST_0414,80.1121
TEST_0415,82.22459
TEST_0416,85.64065
TEST_0417,80.1121
TEST_0418,80.1121
TEST_0419,80.1121
TEST_0420,84.35424
TEST_0421,83.61223
TEST_0422,82.431274
TEST_0423,85.0902
TEST_0424,82.41499
TEST_0425,88.01148
TEST_0426,83.37413
TEST_0427,82.01923
TEST_0428,80.1121
TEST_0429,82.66926
TEST_0430,84.64341
TEST_0431,80.1121
TEST_0432,85.85982
TEST_0433,80.1121
TEST_0434,87.30835
TEST_0435,83.874275
TEST_0436,85.36017
TEST_0437,82.61281
TEST_0438,87.89339
TEST_0439,83.40354
TEST_0440,86.584854
TEST_0441,84.2647
TEST_0442,80.1121
TEST_0443,83.48983
TEST_0444,83.781105
TEST_0445,82.463806
TEST_0446,82.14605
TEST_0447,88.714005
TEST_0448,80.1121
TEST_0449,80.1121
TEST_0450,82.82721
TEST_0451,80.1121
TEST_0452,83.1875
TEST_0453,88.26754
TEST_0454,83.74478
TEST_0455,82.37891
TEST_0456,82.142204
TEST_0457,86.18443
TEST_0458,80.1121
TEST_0459,84.14171
TEST_0460,88.13418
TEST_0461,80.1121
TEST_0462,82.98705
TEST_0463,85.09934
TEST_0464,80.1121
TEST_0465,82.84616
TEST_0466,80.1121
TEST_0467,83.48163
TEST_0468,83.713036
TEST_0469,80.1121
TEST_0470,80.1121
TEST_0471,80.1121
TEST_0472,84.62941
TEST_0473,80.1121
TEST_0474,82.8794
TEST_0475,80.1121
TEST_0476,80.1121
TEST_0477,82.15737
TEST_0478,82.348755
TEST_0479,84.52956
TEST_0480,83.16182
TEST_0481,82.44369
TEST_0482,80.1121
TEST_0483,80.1121
TEST_0484,82.52968
TEST_0485,82.507996
TEST_0486,82.34143
TEST_0487,80.1121
TEST_0488,84.46354
TEST_0489,83.29885
TEST_0490,80.1121
TEST_0491,82.034325
TEST_0492,82.35696
TEST_0493,80.1121
TEST_0494,82.17917
TEST_0495,84.494125
TEST_0496,88.682594
TEST_0497,80.1121
TEST_0498,85.98294
TEST_0499,86.3143
TEST_0500,86.022446
TEST_0501,82.11418
TEST_0502,85.42827
TEST_0503,82.963844
TEST_0504,86.62293
TEST_0505,80.1121
TEST_0506,88.78911
TEST_0507,82.88309
TEST_0508,82.22134
TEST_0509,86.37459
TEST_0510,87.80304
TEST_0511,85.56646
TEST_0512,80.1121
TEST_0513,85.190445
TEST_0514,80.1121
TEST_0515,82.03831
TEST_0516,80.1121
TEST_0517,82.38147
TEST_0518,82.41584
TEST_0519,82.80477
TEST_0520,88.04841
TEST_0521,84.3536
TEST_0522,80.1121
TEST_0523,80.1121
TEST_0524,82.02226
TEST_0525,80.1121
TEST_0526,84.43333
TEST_0527,80.1121
TEST_0528,87.982704
TEST_0529,83.08197
TEST_0530,80.1121
TEST_0531,82.22636
TEST_0532,82.39799
TEST_0533,84.84275
TEST_0534,83.98777
TEST_0535,88.13453
TEST_0536,82.38564
TEST_0537,80.1121
TEST_0538,88.21578
TEST_0539,88.32679
TEST_0540,82.324295
TEST_0541,87.0593
TEST_0542,88.314476
TEST_0543,83.37615
TEST_0544,87.644135
TEST_0545,80.1121
TEST_0546,86.355515
TEST_0547,80.1121
TEST_0548,80.1121
TEST_0549,80.1121
TEST_0550,80.1121
TEST_0551,80.1121
TEST_0552,84.98468
TEST_0553,80.1121
TEST_0554,83.03936
TEST_0555,84.62852
TEST_0556,82.59002
TEST_0557,80.1121
TEST_0558,82.74572
TEST_0559,80.1121
TEST_0560,87.16334
TEST_0561,82.28155
TEST_0562,88.44089
TEST_0563,82.43005
TEST_0564,80.1121
TEST_0565,82.90366
TEST_0566,80.1121
TEST_0567,80.1121
TEST_0568,85.170525
TEST_0569,83.534904
TEST_0570,84.93731
TEST_0571,80.1121
TEST_0572,88.820816
TEST_0573,82.30213
TEST_0574,86.154785
TEST_0575,83.4736
TEST_0576,82.49413
TEST_0577,82.22211
TEST_0578,83.93858
TEST_0579,83.97407
TEST_0580,88.49031
TEST_0581,88.54166
TEST_0582,80.1121
TEST_0583,85.900604
TEST_0584,82.83097
TEST_0585,82.189705
TEST_0586,82.4952
TEST_0587,80.1121
TEST_0588,88.56529
TEST_0589,82.31087
TEST_0590,82.1476
TEST_0591,83.78623
TEST_0592,88.693596
TEST_0593,82.33319
TEST_0594,86.77667
TEST_0595,84.255646
TEST_0596,80.1121
TEST_0597,80.1121
TEST_0598,84.07105
TEST_0599,86.59589
TEST_0600,82.87214
TEST_0601,80.1121
TEST_0602,80.1121
TEST_0603,80.1121
TEST_0604,82.94118
TEST_0605,83.50452
TEST_0606,82.41873
TEST_0607,84.88408
TEST_0608,88.93722
TEST_0609,80.1121
TEST_0610,87.405975
TEST_0611,87.35792
TEST_0612,80.1121
TEST_0613,88.55545
TEST_0614,82.104
TEST_0615,81.86636
TEST_0616,80.1121
TEST_0617,82.594154
TEST_0618,80.1121
TEST_0619,80.1121
TEST_0620,83.58502
TEST_0621,80.1121
TEST_0622,82.68566
TEST_0623,83.154495
TEST_0624,82.90187
TEST_0625,82.167725
TEST_0626,80.1121
TEST_0627,88.25396
TEST_0628,87.63624
TEST_0629,82.648834
TEST_0630,82.92393
TEST_0631,82.34275
TEST_0632,80.1121
TEST_0633,80.1121
TEST_0634,82.748726
TEST_0635,87.79343
TEST_0636,80.1121
TEST_0637,85.22231
TEST_0638,85.27113
TEST_0639,82.18589
TEST_0640,82.276726
TEST_0641,82.13766
TEST_0642,80.1121
TEST_0643,85.79791
TEST_0644,80.1121
TEST_0645,82.42315
TEST_0646,80.1121
TEST_0647,88.68203
TEST_0648,85.230484
TEST_0649,82.68446
TEST_0650,83.03364
TEST_0651,80.1121
TEST_0652,82.95983
TEST_0653,82.16512
TEST_0654,80.1121
TEST_0655,82.356384
TEST_0656,82.616875
TEST_0657,82.81173
TEST_0658,80.1121
TEST_0659,80.1121
TEST_0660,83.85714
TEST_0661,80.1121
TEST_0662,82.84875
TEST_0663,83.24168
TEST_0664,82.55805
TEST_0665,87.79855
TEST_0666,80.1121
TEST_0667,83.317314
TEST_0668,82.49268
TEST_0669,80.1121
TEST_0670,82.23004
TEST_0671,82.64909
TEST_0672,83.01317
TEST_0673,80.1121
TEST_0674,82.578186
TEST_0675,80.1121
TEST_0676,87.5128
TEST_0677,80.1121
TEST_0678,84.22817
TEST_0679,83.18512
TEST_0680,85.30534
TEST_0681,80.1121
TEST_0682,82.01142
TEST_0683,82.283455
TEST_0684,83.01174
TEST_0685,86.29504
TEST_0686,86.26667
TEST_0687,82.858246
TEST_0688,83.02851
TEST_0689,87.03861
TEST_0690,84.87921
TEST_0691,87.693924
TEST_0692,82.27502
TEST_0693,83.94639
TEST_0694,80.1121
TEST_0695,82.89915
TEST_0696,80.1121
TEST_0697,80.1121
TEST_0698,80.1121
TEST_0699,80.1121
TEST_0700,80.1121
TEST_0701,80.1121
TEST_0702,82.19096
TEST_0703,88.46803
TEST_0704,82.83532
TEST_0705,82.07893
TEST_0706,88.91434
TEST_0707,80.1121
TEST_0708,82.44389
TEST_0709,81.94188
TEST_0710,82.44716
TEST_0711,80.1121
TEST_0712,80.1121
TEST_0713,88.237
TEST_0714,82.55347
TEST_0715,82.33475
TEST_0716,83.09049
TEST_0717,87.539795
TEST_0718,88.25531
TEST_0719,80.1121
TEST_0720,80.1121
TEST_0721,88.23042
TEST_0722,82.65062
TEST_0723,80.1121
TEST_0724,80.1121
TEST_0725,83.15252
TEST_0726,83.86121
TEST_0727,82.60761
TEST_0728,80.1121
TEST_0729,82.932915
TEST_0730,80.1121
TEST_0731,87.97059
TEST_0732,80.1121
TEST_0733,82.54936
TEST_0734,82.357376
TEST_0735,80.1121
TEST_0736,80.1121
TEST_0737,85.744705
TEST_0738,83.07223
TEST_0739,80.1121
TEST_0740,83.65392
TEST_0741,80.1121
TEST_0742,82.719826
TEST_0743,82.866745
TEST_0744,80.1121
TEST_0745,80.1121
TEST_0746,82.93146
TEST_0747,83.61804
TEST_0748,82.39211
TEST_0749,82.74046
TEST_0750,82.61212
TEST_0751,83.07033
TEST_0752,83.25975
TEST_0753,85.8804
TEST_0754,80.1121
TEST_0755,80.1121
TEST_0756,85.38634
TEST_0757,80.1121
TEST_0758,83.68757
TEST_0759,80.1121
TEST_0760,87.41071
TEST_0761,84.20989
TEST_0762,82.59724
TEST_0763,86.96525
TEST_0764,86.42793
TEST_0765,82.1184
TEST_0766,82.623055
TEST_0767,82.99945
TEST_0768,83.80385
TEST_0769,88.179924
TEST_0770,85.136406
TEST_0771,86.17912
TEST_0772,85.66003
TEST_0773,80.1121
TEST_0774,80.1121
TEST_0775,82.290855
TEST_0776,82.81127
TEST_0777,82.69123
TEST_0778,87.76826
TEST_0779,84.38379
TEST_0780,86.91544
TEST_0781,82.02458
TEST_0782,83.47539
TEST_0783,88.51898
TEST_0784,87.25594
TEST_0785,83.79348
TEST_0786,80.1121
TEST_0787,80.1121
TEST_0788,87.117065
TEST_0789,82.197174
TEST_0790,82.52786
TEST_0791,81.91383
TEST_0792,84.71028
TEST_0793,80.1121
TEST_0794,83.20307
TEST_0795,80.1121
TEST_0796,82.74265
TEST_0797,83.00466
TEST_0798,80.1121
TEST_0799,80.1121
TEST_0800,88.33559
TEST_0801,82.64087
TEST_0802,82.86692
TEST_0803,82.27027
TEST_0804,86.31685
TEST_0805,88.79249
TEST_0806,81.8926
TEST_0807,80.1121
TEST_0808,83.769554
TEST_0809,88.48326
TEST_0810,80.1121
TEST_0811,80.1121
TEST_0812,86.69819
TEST_0813,88.26814
TEST_0814,88.758286
TEST_0815,88.36679
TEST_0816,80.1121
TEST_0817,82.32933
TEST_0818,80.1121
TEST_0819,82.706276
TEST_0820,80.1121
TEST_0821,83.76419
TEST_0822,83.100975
TEST_0823,88.22423
TEST_0824,85.50404
TEST_0825,82.634415
TEST_0826,83.70002
TEST_0827,80.1121
TEST_0828,80.1121
TEST_0829,82.38861
TEST_0830,88.654495
TEST_0831,80.1121
TEST_0832,82.3824
TEST_0833,80.1121
TEST_0834,87.49484
TEST_0835,83.83548
TEST_0836,80.1121
TEST_0837,80.1121
TEST_0838,80.1121
TEST_0839,82.73608
TEST_0840,88.600555
TEST_0841,82.43398
TEST_0842,80.1121
TEST_0843,82.54578
TEST_0844,80.1121
TEST_0845,85.86393
TEST_0846,80.1121
TEST_0847,80.1121
TEST_0848,82.958305
TEST_0849,80.1121
TEST_0850,84.73518
TEST_0851,80.1121
TEST_0852,80.1121
TEST_0853,83.065414
TEST_0854,80.1121
TEST_0855,80.1121
TEST_0856,82.66149
TEST_0857,83.08596
TEST_0858,80.1121
TEST_0859,80.1121
TEST_0860,80.1121
TEST_0861,82.3213
TEST_0862,82.71811
TEST_0863,80.1121
TEST_0864,87.74229
TEST_0865,88.148384
TEST_0866,87.538864
TEST_0867,82.074814
TEST_0868,82.70429
TEST_0869,80.1121
TEST_0870,82.74454
TEST_0871,80.1121
TEST_0872,87.93928
TEST_0873,84.77945
TEST_0874,83.04652
TEST_0875,80.1121
TEST_0876,85.36138
TEST_0877,85.1761
TEST_0878,82.752106
TEST_0879,84.163025
TEST_0880,82.666534
TEST_0881,82.34695
TEST_0882,82.36657
TEST_0883,80.1121
TEST_0884,85.31412
TEST_0885,80.1121
TEST_0886,88.20515
TEST_0887,82.21275
TEST_0888,82.20558
TEST_0889,83.5069
TEST_0890,82.469604
TEST_0891,82.34108
TEST_0892,86.397354
TEST_0893,84.47781
TEST_0894,80.1121
TEST_0895,84.02171
TEST_0896,82.74014
TEST_0897,85.92382
TEST_0898,87.496826
TEST_0899,83.04422
TEST_0900,82.79629
TEST_0901,80.1121
TEST_0902,80.1121
TEST_0903,80.1121
TEST_0904,80.1121
TEST_0905,80.1121
TEST_0906,82.59507
TEST_0907,88.52076
TEST_0908,82.752335
TEST_0909,82.72046
TEST_0910,84.59224
TEST_0911,82.13927
TEST_0912,82.717896
TEST_0913,82.295135
TEST_0914,84.1307
TEST_0915,80.1121
TEST_0916,85.476845
TEST_0917,88.212456
TEST_0918,80.1121
TEST_0919,82.3512
TEST_0920,82.26033
TEST_0921,83.27114
TEST_0922,80.1121
TEST_0923,84.27637
TEST_0924,87.95823
TEST_0925,83.70829
TEST_0926,83.09298
TEST_0927,86.12838
TEST_0928,82.71159
TEST_0929,83.03722
TEST_0930,80.1121
TEST_0931,82.3043
TEST_0932,85.35678
TEST_0933,82.37397
TEST_0934,86.89795
TEST_0935,87.62588
TEST_0936,80.1121
TEST_0937,80.1121
TEST_0938,84.13092
TEST_0939,80.1121
TEST_0940,84.25557
TEST_0941,80.1121
TEST_0942,82.31457
TEST_0943,84.45388
TEST_0944,80.1121
TEST_0945,82.033356
TEST_0946,87.71437
TEST_0947,83.06221
TEST_0948,83.53592
TEST_0949,82.38519
TEST_0950,83.56426
TEST_0951,82.307335
TEST_0952,80.1121
TEST_0953,81.932495
TEST_0954,83.95263
TEST_0955,83.346
TEST_0956,82.43092
TEST_0957,85.56049
TEST_0958,80.1121
TEST_0959,80.1121
TEST_0960,80.1121
TEST_0961,80.1121
TEST_0962,80.1121
TEST_0963,88.68983
TEST_0964,80.1121
TEST_0965,82.51627
TEST_0966,80.1121
TEST_0967,80.1121
TEST_0968,88.37065
TEST_0969,82.66825
TEST_0970,87.07977
TEST_0971,80.1121
TEST_0972,85.95339
TEST_0973,82.43408
TEST_0974,82.93631
TEST_0975,82.02679
TEST_0976,80.1121
TEST_0977,88.384766
TEST_0978,87.98404
TEST_0979,87.38054
TEST_0980,80.1121
TEST_0981,82.044655
TEST_0982,84.17835
TEST_0983,85.47534
TEST_0984,88.126114
TEST_0985,82.31338
TEST_0986,80.1121
TEST_0987,85.63153
TEST_0988,82.43644
TEST_0989,80.1121
TEST_0990,85.397964
TEST_0991,84.47803
TEST_0992,82.367424
TEST_0993,82.85892
TEST_0994,82.08108
TEST_0995,80.1121
TEST_0996,80.1121
TEST_0997,87.92521
TEST_0998,85.24587
TEST_0999,86.89279
TEST_1000,85.66464
TEST_1001,84.751854
TEST_1002,80.1121
TEST_1003,80.1121
TEST_1004,80.1121
TEST_1005,84.25323
TEST_1006,83.006775
TEST_1007,82.82439
TEST_1008,82.35392
TEST_1009,88.57186
TEST_1010,84.13641
TEST_1011,85.2342
TEST_1012,88.65626
TEST_1013,87.36772
TEST_1014,83.52367
TEST_1015,88.344376
TEST_1016,83.84261
TEST_1017,82.3297
TEST_1018,88.331314
TEST_1019,83.95005
TEST_1020,80.1121
TEST_1021,82.75326
TEST_1022,87.21978
TEST_1023,83.263435
TEST_1024,82.33333
TEST_1025,87.12152
TEST_1026,88.60864
TEST_1027,80.1121
TEST_1028,80.1121
TEST_1029,80.1121
TEST_1030,82.52302
TEST_1031,82.11848
TEST_1032,86.19865
TEST_1033,86.218925
TEST_1034,87.11132
TEST_1035,83.042854
TEST_1036,83.51039
TEST_1037,80.1121
TEST_1038,82.798706
TEST_1039,80.1121
TEST_1040,87.749016
TEST_1041,83.14954
TEST_1042,86.19038
TEST_1043,84.01646
TEST_1044,84.20541
TEST_1045,83.996
TEST_1046,85.39257
TEST_1047,83.82837
TEST_1048,80.1121
TEST_1049,87.389786
TEST_1050,82.923164
TEST_1051,80.1121
TEST_1052,82.750854
TEST_1053,82.60826
TEST_1054,82.06233
TEST_1055,87.89895
TEST_1056,80.1121
TEST_1057,84.29781
TEST_1058,82.55551
TEST_1059,84.794846
TEST_1060,88.41474
TEST_1061,82.409546
TEST_1062,82.57628
TEST_1063,80.1121
TEST_1064,80.1121
TEST_1065,80.1121
TEST_1066,83.621284
TEST_1067,83.93032
TEST_1068,83.93378
TEST_1069,80.1121
TEST_1070,82.77101
TEST_1071,82.75608
TEST_1072,83.27314
TEST_1073,80.1121
TEST_1074,80.1121
TEST_1075,80.1121
TEST_1076,83.01612
TEST_1077,80.1121
TEST_1078,82.20875
TEST_1079,82.6598
TEST_1080,80.1121
TEST_1081,80.1121
TEST_1082,80.1121
TEST_1083,88.44463
TEST_1084,82.63276
TEST_1085,80.1121
TEST_1086,87.92499
TEST_1087,80.1121
TEST_1088,86.4283
TEST_1089,88.3794
TEST_1090,84.24104
TEST_1091,82.91285
TEST_1092,82.14215
TEST_1093,82.62267
TEST_1094,82.647285
TEST_1095,86.47728
TEST_1096,83.27983
TEST_1097,83.60137
TEST_1098,82.637985
TEST_1099,87.67483
TEST_1100,80.1121
TEST_1101,83.02596
TEST_1102,87.333786
TEST_1103,80.1121
TEST_1104,84.37698
TEST_1105,87.14665
TEST_1106,83.319145
TEST_1107,83.11594
TEST_1108,82.63893
TEST_1109,82.38966
TEST_1110,83.24993
TEST_1111,81.94809
TEST_1112,80.1121
TEST_1113,80.1121
TEST_1114,83.97518
TEST_1115,83.631
TEST_1116,87.703476
TEST_1117,86.90445
TEST_1118,82.97596
TEST_1119,82.698944
TEST_1120,86.08104
TEST_1121,83.40739
TEST_1122,84.95895
TEST_1123,82.69679
TEST_1124,83.39351
TEST_1125,85.940765
TEST_1126,85.45845
TEST_1127,80.1121
TEST_1128,80.1121
TEST_1129,82.89015
TEST_1130,84.310265
TEST_1131,82.479675
TEST_1132,80.1121
TEST_1133,82.18669
TEST_1134,80.1121
TEST_1135,80.1121
TEST_1136,82.000786
TEST_1137,80.1121
TEST_1138,82.51038
TEST_1139,80.1121
TEST_1140,82.45534
TEST_1141,80.1121
TEST_1142,82.46873
TEST_1143,80.1121
TEST_1144,88.642845
TEST_1145,82.90384
TEST_1146,84.39351
TEST_1147,80.1121
TEST_1148,83.51136
TEST_1149,80.1121
TEST_1150,84.30322
TEST_1151,85.224976
TEST_1152,83.3254
TEST_1153,83.311806
TEST_1154,84.58016
TEST_1155,80.1121
TEST_1156,88.19919
TEST_1157,82.82226
TEST_1158,80.1121
TEST_1159,82.29623
TEST_1160,82.085724
TEST_1161,83.350746
TEST_1162,80.1121
TEST_1163,83.03139
TEST_1164,82.084946
TEST_1165,82.47758
TEST_1166,80.1121
TEST_1167,85.27299
TEST_1168,82.29567
TEST_1169,87.33026
TEST_1170,80.1121
TEST_1171,83.29062
TEST_1172,88.42388
TEST_1173,84.57999
TEST_1174,86.31155
TEST_1175,80.1121
TEST_1176,86.709625
TEST_1177,83.29856
TEST_1178,87.39927
TEST_1179,86.43169
TEST_1180,82.57211
TEST_1181,83.84209
TEST_1182,86.37863
TEST_1183,82.378296
TEST_1184,80.1121
TEST_1185,80.1121
TEST_1186,80.1121
TEST_1187,82.38874
TEST_1188,83.82012
TEST_1189,80.1121
TEST_1190,82.51359
TEST_1191,80.1121
TEST_1192,88.68751
TEST_1193,80.1121
TEST_1194,84.13468
TEST_1195,82.69141
TEST_1196,85.935104
TEST_1197,84.273415
TEST_1198,84.27759
TEST_1199,85.032074
TEST_1200,80.1121
TEST_1201,80.1121
TEST_1202,86.24656
TEST_1203,85.080826
TEST_1204,82.828705
TEST_1205,82.55321
TEST_1206,82.56586
TEST_1207,82.59648
TEST_1208,82.20882
TEST_1209,86.9929
TEST_1210,87.20251
TEST_1211,80.1121
TEST_1212,83.357
TEST_1213,83.00748
TEST_1214,82.61723
TEST_1215,88.310814
TEST_1216,80.1121
TEST_1217,80.1121
TEST_1218,83.79557
TEST_1219,80.1121
TEST_1220,80.1121
TEST_1221,85.380615
TEST_1222,80.1121
TEST_1223,80.1121
TEST_1224,80.1121
TEST_1225,82.95859
TEST_1226,80.1121
TEST_1227,82.5587
TEST_1228,81.99201
TEST_1229,83.86266
TEST_1230,80.1121
TEST_1231,80.1121
TEST_1232,82.844734
TEST_1233,84.000595
TEST_1234,80.1121
TEST_1235,82.13211
TEST_1236,80.1121
TEST_1237,80.1121
TEST_1238,83.29923
TEST_1239,86.82823
TEST_1240,85.01369
TEST_1241,83.95753
TEST_1242,83.701584
TEST_1243,80.1121
TEST_1244,80.1121
TEST_1245,82.403984
TEST_1246,80.1121
TEST_1247,80.1121
TEST_1248,88.06608
TEST_1249,80.1121
TEST_1250,83.42794
TEST_1251,80.1121
TEST_1252,82.807014
TEST_1253,80.1121
TEST_1254,86.51534
TEST_1255,88.681015
TEST_1256,82.39427
TEST_1257,87.759254
TEST_1258,86.985504
TEST_1259,83.028854
TEST_1260,83.09016
TEST_1261,80.1121
TEST_1262,82.290764
TEST_1263,84.59212
TEST_1264,82.19631
TEST_1265,87.19047
TEST_1266,82.09712
TEST_1267,82.90255
TEST_1268,80.1121
TEST_1269,80.1121
TEST_1270,87.44757
TEST_1271,82.27446
TEST_1272,82.467995
TEST_1273,80.1121
TEST_1274,86.61281
TEST_1275,85.081406
TEST_1276,82.9604
TEST_1277,86.638054
TEST_1278,82.56537
TEST_1279,82.70367
TEST_1280,80.1121
TEST_1281,82.43471
TEST_1282,86.283554
TEST_1283,80.1121
TEST_1284,82.90706
TEST_1285,82.242004
TEST_1286,82.007095
TEST_1287,88.52501
TEST_1288,82.64065
TEST_1289,81.85384
TEST_1290,83.276306
TEST_1291,82.877
TEST_1292,82.55769
TEST_1293,83.16706
TEST_1294,82.41722
TEST_1295,86.01758
TEST_1296,82.74169
TEST_1297,82.39695
TEST_1298,82.51049
TEST_1299,88.17077
TEST_1300,83.357086
TEST_1301,80.1121
TEST_1302,82.90128
TEST_1303,82.11167
TEST_1304,84.76301
TEST_1305,82.7805
TEST_1306,83.05608
TEST_1307,80.1121
TEST_1308,85.73295
TEST_1309,87.68533
TEST_1310,80.1121
TEST_1311,82.3028
TEST_1312,82.916664
TEST_1313,80.1121
TEST_1314,80.1121
TEST_1315,80.1121
TEST_1316,83.43345
TEST_1317,80.1121
TEST_1318,87.13463
TEST_1319,80.1121
TEST_1320,83.71497
TEST_1321,87.67214
TEST_1322,83.011696
TEST_1323,82.43298
TEST_1324,87.30872
TEST_1325,82.15527
TEST_1326,83.640816
TEST_1327,87.807526
TEST_1328,83.17525
TEST_1329,84.86247
TEST_1330,82.37399
TEST_1331,87.733406
TEST_1332,83.3611
TEST_1333,82.47492
TEST_1334,82.830734
TEST_1335,88.10451
TEST_1336,80.1121
TEST_1337,83.99188
TEST_1338,80.1121
TEST_1339,85.745026
TEST_1340,82.30279
TEST_1341,82.80113
TEST_1342,83.50348
TEST_1343,88.749
TEST_1344,82.22528
TEST_1345,80.1121
TEST_1346,88.782265
TEST_1347,80.1121
TEST_1348,80.1121
TEST_1349,84.567154
TEST_1350,82.17275
TEST_1351,83.23538
TEST_1352,80.1121
TEST_1353,83.15886
TEST_1354,84.68532
TEST_1355,82.51457
TEST_1356,82.421776
TEST_1357,83.44062
TEST_1358,82.712074
TEST_1359,82.56005
TEST_1360,80.1121
TEST_1361,80.1121
TEST_1362,87.79957
TEST_1363,88.19908
TEST_1364,83.44004
TEST_1365,83.97546
TEST_1366,82.46193
TEST_1367,82.92912
TEST_1368,82.08114
TEST_1369,80.1121
TEST_1370,87.83607
TEST_1371,82.75706
TEST_1372,83.85555
TEST_1373,82.78697
TEST_1374,80.1121
TEST_1375,80.1121
TEST_1376,82.72872
TEST_1377,88.25985
TEST_1378,86.68045
TEST_1379,80.1121
TEST_1380,88.063225
TEST_1381,87.90435
TEST_1382,82.85622
TEST_1383,82.661194
TEST_1384,82.43444
TEST_1385,80.1121
TEST_1386,84.63476
TEST_1387,80.1121
TEST_1388,84.93223
TEST_1389,80.1121
TEST_1390,83.12234
TEST_1391,80.1121
TEST_1392,80.1121
TEST_1393,82.061485
TEST_1394,88.24275
TEST_1395,80.1121
TEST_1396,82.74217
TEST_1397,83.961205
TEST_1398,80.1121
TEST_1399,82.28895
TEST_1400,88.650444
TEST_1401,80.1121
TEST_1402,82.44847
TEST_1403,82.42031
TEST_1404,82.54268
TEST_1405,82.52258
TEST_1406,85.080986
TEST_1407,82.46065
TEST_1408,80.1121
TEST_1409,82.97595
TEST_1410,80.1121
TEST_1411,82.62661
TEST_1412,80.1121
TEST_1413,83.3886
TEST_1414,85.998055
TEST_1415,83.07556
TEST_1416,83.66855
TEST_1417,83.484924
TEST_1418,82.55102
TEST_1419,82.80115
TEST_1420,82.508835
TEST_1421,84.01175
TEST_1422,83.32666
TEST_1423,80.1121
TEST_1424,83.03793
TEST_1425,82.3043
TEST_1426,82.32002
TEST_1427,88.308426
TEST_1428,82.64975
TEST_1429,88.06108
TEST_1430,82.46896
TEST_1431,80.1121
TEST_1432,85.530685
TEST_1433,82.97704
TEST_1434,83.10977
TEST_1435,86.10896
TEST_1436,83.72198
TEST_1437,80.1121
TEST_1438,80.1121
TEST_1439,86.97242
TEST_1440,84.85048
TEST_1441,82.724045
TEST_1442,83.278534
TEST_1443,87.14901
TEST_1444,80.1121
TEST_1445,85.2982
TEST_1446,87.23571
TEST_1447,82.34068
TEST_1448,82.21273
TEST_1449,80.1121
TEST_1450,86.06536
TEST_1451,80.1121
TEST_1452,82.4319
TEST_1453,82.81616
TEST_1454,83.01041
TEST_1455,80.1121
TEST_1456,82.8257
TEST_1457,82.14452
TEST_1458,83.62446
TEST_1459,83.278564
TEST_1460,82.79016
TEST_1461,83.341484
TEST_1462,82.671524
TEST_1463,83.72346
TEST_1464,82.99568
TEST_1465,83.061
TEST_1466,86.89658
TEST_1467,82.367966
TEST_1468,82.39268
TEST_1469,80.1121
TEST_1470,82.24534
TEST_1471,80.1121
TEST_1472,80.1121
TEST_1473,82.327614
TEST_1474,82.91273
TEST_1475,86.364075
TEST_1476,80.1121
TEST_1477,83.00959
TEST_1478,87.92516
TEST_1479,80.1121
TEST_1480,80.1121
TEST_1481,81.971954
TEST_1482,83.71261
TEST_1483,85.11604
TEST_1484,82.38373
TEST_1485,88.60993
TEST_1486,88.63269
TEST_1487,87.07602
TEST_1488,82.76692
TEST_1489,82.04088
TEST_1490,81.93607
TEST_1491,83.01033
TEST_1492,80.1121
TEST_1493,83.311745
TEST_1494,88.43916
TEST_1495,88.28141
TEST_1496,82.55329
TEST_1497,82.43795
TEST_1498,81.95334
TEST_1499,83.20656
TEST_1500,83.50785
TEST_1501,83.51872
TEST_1502,80.1121
TEST_1503,80.1121
TEST_1504,85.027115
TEST_1505,82.020164
TEST_1506,82.911804
TEST_1507,85.68067
TEST_1508,82.59936
TEST_1509,84.120155
TEST_1510,87.93984
TEST_1511,80.1121
TEST_1512,88.03208
TEST_1513,82.07353
TEST_1514,82.91338
TEST_1515,83.832855
TEST_1516,81.93945
TEST_1517,80.1121
TEST_1518,82.97563
TEST_1519,82.53767
TEST_1520,83.36668
TEST_1521,80.1121
TEST_1522,80.1121
TEST_1523,83.031586
TEST_1524,80.1121
TEST_1525,84.07548
TEST_1526,82.81898
TEST_1527,82.87574
TEST_1528,88.32077
TEST_1529,87.745605
TEST_1530,80.1121
TEST_1531,80.1121
TEST_1532,80.1121
TEST_1533,85.158455
TEST_1534,83.66369
TEST_1535,83.35814
TEST_1536,87.56495
TEST_1537,84.05105
TEST_1538,82.04896
TEST_1539,83.18346
TEST_1540,80.1121
TEST_1541,84.66065
TEST_1542,82.28119
TEST_1543,80.1121
TEST_1544,83.5823
TEST_1545,88.22306
TEST_1546,80.1121
TEST_1547,80.1121
TEST_1548,80.1121
TEST_1549,85.855194
TEST_1550,80.1121
TEST_1551,82.52104
TEST_1552,82.56274
TEST_1553,82.47415
TEST_1554,82.44766
TEST_1555,82.54316
TEST_1556,83.47153
TEST_1557,87.76302
TEST_1558,80.1121
TEST_1559,83.04512
TEST_1560,82.588
TEST_1561,82.94797
TEST_1562,81.99989
TEST_1563,82.156166
TEST_1564,83.296875
TEST_1565,80.1121
TEST_1566,82.41398
TEST_1567,82.95907
TEST_1568,80.1121
TEST_1569,83.237465
TEST_1570,82.20524
TEST_1571,82.859085
TEST_1572,82.76517
TEST_1573,80.1121
TEST_1574,87.51402
TEST_1575,80.1121
TEST_1576,82.82622
TEST_1577,83.26411
TEST_1578,82.72487
TEST_1579,80.1121
TEST_1580,83.01778
TEST_1581,82.35235
TEST_1582,83.38028
TEST_1583,83.57433
TEST_1584,82.69459
TEST_1585,82.05302
TEST_1586,82.84724
TEST_1587,84.771164
TEST_1588,83.277374
TEST_1589,82.8633
TEST_1590,84.52775
TEST_1591,83.126945
TEST_1592,80.1121
TEST_1593,88.40316
TEST_1594,84.14676
TEST_1595,80.1121
TEST_1596,86.73868
TEST_1597,80.1121
TEST_1598,80.1121
TEST_1599,80.1121
TEST_1600,83.41009
TEST_1601,83.52666
TEST_1602,82.29021
TEST_1603,80.1121
TEST_1604,85.221275
TEST_1605,85.43794
TEST_1606,80.1121
TEST_1607,83.68791
TEST_1608,83.12739
TEST_1609,88.581
TEST_1610,80.1121
TEST_1611,80.1121
TEST_1612,80.1121
TEST_1613,83.90116
TEST_1614,82.34355
TEST_1615,80.1121
TEST_1616,83.544365
TEST_1617,86.77899
TEST_1618,82.83218
TEST_1619,83.50247
TEST_1620,82.56932
TEST_1621,87.91195
TEST_1622,82.47944
TEST_1623,83.79638
TEST_1624,80.1121
TEST_1625,80.1121
TEST_1626,86.71843
TEST_1627,82.40812
TEST_1628,80.1121
TEST_1629,86.66062
TEST_1630,87.25762
TEST_1631,80.1121
TEST_1632,81.93051
TEST_1633,80.1121
TEST_1634,86.952805
TEST_1635,82.32122
TEST_1636,80.1121
TEST_1637,80.1121
TEST_1638,80.1121
TEST_1639,80.1121
TEST_1640,85.379135
TEST_1641,82.66767
TEST_1642,82.31255
TEST_1643,82.8508
TEST_1644,80.1121
TEST_1645,80.1121
TEST_1646,80.1121
TEST_1647,82.011055
TEST_1648,84.49764
TEST_1649,80.1121
TEST_1650,80.1121
TEST_1651,85.10705
TEST_1652,82.327034
TEST_1653,88.52559
TEST_1654,82.9193
TEST_1655,83.24416
TEST_1656,83.57414
TEST_1657,83.920135
TEST_1658,82.07868
TEST_1659,87.35529
TEST_1660,82.94894
TEST_1661,80.1121
TEST_1662,84.54083
TEST_1663,82.342896
TEST_1664,80.1121
TEST_1665,80.1121
TEST_1666,82.786766
TEST_1667,82.02053
TEST_1668,86.69884
TEST_1669,80.1121
TEST_1670,84.68644
TEST_1671,85.75681
TEST_1672,82.107506
TEST_1673,84.367455
TEST_1674,82.47979
TEST_1675,85.06196
TEST_1676,86.0197
TEST_1677,82.54059
TEST_1678,83.67645
TEST_1679,80.1121
TEST_1680,88.436775
TEST_1681,80.1121
TEST_1682,83.01514
TEST_1683,80.1121
TEST_1684,82.05988
TEST_1685,82.06317
TEST_1686,85.09507
TEST_1687,82.26663
TEST_1688,80.1121
TEST_1689,80.1121
TEST_1690,87.81946
TEST_1691,82.30276
TEST_1692,80.1121
TEST_1693,87.30093
TEST_1694,80.1121
TEST_1695,86.3172
TEST_1696,80.1121
TEST_1697,82.351265
TEST_1698,83.599266
TEST_1699,80.1121
TEST_1700,82.92245
TEST_1701,82.86272
TEST_1702,87.61619
TEST_1703,82.05827
TEST_1704,80.1121
TEST_1705,82.92094
TEST_1706,88.13807
TEST_1707,80.1121
TEST_1708,87.02494
TEST_1709,82.42822
TEST_1710,82.83184
TEST_1711,83.67744
TEST_1712,80.1121
TEST_1713,82.93664
TEST_1714,82.473076
TEST_1715,84.03444
TEST_1716,80.1121
TEST_1717,82.14648
TEST_1718,84.75683
TEST_1719,83.3863
TEST_1720,82.33894
TEST_1721,88.56304
TEST_1722,83.887314
TEST_1723,80.1121
TEST_1724,80.1121
TEST_1725,82.64488
TEST_1726,83.31412
TEST_1727,82.45451
TEST_1728,83.31295
TEST_1729,82.29732
TEST_1730,82.61126
TEST_1731,88.15758
TEST_1732,80.1121
TEST_1733,83.63127
TEST_1734,84.70016
TEST_1735,83.10549
TEST_1736,80.1121
TEST_1737,87.00602
TEST_1738,83.665436
TEST_1739,80.1121
TEST_1740,80.1121
TEST_1741,82.97897
TEST_1742,82.28569
TEST_1743,80.1121
TEST_1744,86.093346
TEST_1745,82.167564
TEST_1746,88.14845
TEST_1747,84.15916
TEST_1748,80.1121
TEST_1749,80.1121
TEST_1750,82.31128
TEST_1751,88.589226
TEST_1752,83.61346
TEST_1753,80.1121
TEST_1754,82.411156
TEST_1755,88.47888
TEST_1756,83.13825
TEST_1757,82.72537
TEST_1758,80.1121
TEST_1759,82.42962
TEST_1760,82.54578
TEST_1761,82.069496
TEST_1762,85.078224
TEST_1763,82.2008
TEST_1764,82.17563
TEST_1765,84.256
TEST_1766,82.65541
TEST_1767,84.00645
TEST_1768,83.80516
TEST_1769,83.35941
TEST_1770,80.1121
TEST_1771,83.43006
TEST_1772,80.1121
TEST_1773,82.405235
TEST_1774,80.1121
TEST_1775,88.588165
TEST_1776,80.1121
TEST_1777,83.18755
TEST_1778,82.400314
TEST_1779,84.63743
TEST_1780,88.081856
TEST_1781,83.70314
TEST_1782,87.44055
TEST_1783,82.0814
TEST_1784,83.71036
TEST_1785,85.2298
TEST_1786,81.882195
TEST_1787,83.11932
TEST_1788,80.1121
TEST_1789,80.1121
TEST_1790,80.1121
TEST_1791,82.37758
TEST_1792,87.596886
TEST_1793,87.44524
TEST_1794,84.56576
TEST_1795,80.1121
TEST_1796,83.69698
TEST_1797,80.1121
TEST_1798,82.879
TEST_1799,82.70508
TEST_1800,83.375626
TEST_1801,80.1121
TEST_1802,80.1121
TEST_1803,88.09829
TEST_1804,82.58566
TEST_1805,80.1121
TEST_1806,84.06422
TEST_1807,82.23051
TEST_1808,80.1121
TEST_1809,82.993195
TEST_1810,82.85118
TEST_1811,82.60793
TEST_1812,88.66545
TEST_1813,83.61885
TEST_1814,82.90238
TEST_1815,80.1121
TEST_1816,80.1121
TEST_1817,83.012764
TEST_1818,80.1121
TEST_1819,80.1121
TEST_1820,82.42563
TEST_1821,80.1121
TEST_1822,82.13008
TEST_1823,82.44324
TEST_1824,84.44475
TEST_1825,82.37387
TEST_1826,81.90702
TEST_1827,82.204956
TEST_1828,80.1121
TEST_1829,82.924164
TEST_1830,80.1121
TEST_1831,80.1121
TEST_1832,83.855705
TEST_1833,80.1121
TEST_1834,85.21936
TEST_1835,84.00193
TEST_1836,85.9937
TEST_1837,80.1121
TEST_1838,80.1121
TEST_1839,80.1121
TEST_1840,82.49516
TEST_1841,88.87007
TEST_1842,86.96251
TEST_1843,88.63779
TEST_1844,84.1396
TEST_1845,82.4052
TEST_1846,83.098045
TEST_1847,83.07296
TEST_1848,80.1121
TEST_1849,80.1121
TEST_1850,88.568214
TEST_1851,80.1121
TEST_1852,80.1121
TEST_1853,80.1121
TEST_1854,82.59155
TEST_1855,80.1121
TEST_1856,82.68476
TEST_1857,85.28828
TEST_1858,80.1121
TEST_1859,80.1121
TEST_1860,87.06433
TEST_1861,82.430244
TEST_1862,82.58364
TEST_1863,82.59454
TEST_1864,80.1121
TEST_1865,83.221
TEST_1866,84.95138
TEST_1867,83.50108
TEST_1868,82.636116
TEST_1869,82.36734
TEST_1870,84.44349
TEST_1871,88.51274
TEST_1872,83.97067
TEST_1873,80.1121
TEST_1874,80.1121
TEST_1875,80.1121
TEST_1876,80.1121
TEST_1877,84.37919
TEST_1878,82.313515
TEST_1879,82.10056
TEST_1880,80.1121
TEST_1881,80.1121
TEST_1882,80.1121
TEST_1883,84.15041
TEST_1884,82.45727
TEST_1885,82.96442
TEST_1886,80.1121
TEST_1887,82.35104
TEST_1888,82.40799
TEST_1889,83.13968
TEST_1890,83.87028
TEST_1891,84.59752
TEST_1892,80.1121
TEST_1893,82.2455
TEST_1894,80.1121
TEST_1895,80.1121
TEST_1896,82.4663
TEST_1897,80.1121
TEST_1898,88.444565
TEST_1899,86.079636
TEST_1900,82.72866
TEST_1901,82.25395
TEST_1902,80.1121
TEST_1903,84.80469
TEST_1904,88.096176
TEST_1905,84.084854
TEST_1906,80.1121
TEST_1907,80.1121
TEST_1908,80.1121
TEST_1909,87.54215
TEST_1910,82.53586
TEST_1911,86.783195
TEST_1912,83.33245
TEST_1913,82.41814
TEST_1914,80.1121
TEST_1915,80.1121
TEST_1916,80.1121
TEST_1917,88.899925
TEST_1918,82.30974
TEST_1919,80.1121
TEST_1920,82.497284
TEST_1921,83.01804
TEST_1922,82.11519
TEST_1923,83.04814
TEST_1924,82.12287
TEST_1925,85.296906
TEST_1926,85.757
TEST_1927,80.1121
TEST_1928,88.37906
TEST_1929,80.1121
TEST_1930,80.1121
TEST_1931,85.66324
TEST_1932,88.37915
TEST_1933,86.577774
TEST_1934,82.61319
TEST_1935,82.13651
TEST_1936,86.635765
TEST_1937,82.44401
TEST_1938,80.1121
TEST_1939,82.30263
TEST_1940,83.31447
TEST_1941,82.17528
TEST_1942,82.84934
TEST_1943,80.1121
TEST_1944,80.1121
TEST_1945,84.810394
TEST_1946,88.10636
TEST_1947,87.656296
TEST_1948,82.356064
TEST_1949,88.07808
TEST_1950,82.78977
TEST_1951,85.322365
TEST_1952,82.17055
TEST_1953,80.1121
TEST_1954,80.1121
TEST_1955,80.1121
TEST_1956,83.352425
TEST_1957,85.39008
TEST_1958,88.08935
TEST_1959,80.1121
TEST_1960,82.07898
TEST_1961,83.97165
TEST_1962,82.6966
TEST_1963,83.31573
TEST_1964,85.25027
TEST_1965,80.1121
TEST_1966,88.03776
TEST_1967,82.437996
TEST_1968,82.845436
TEST_1969,86.70629
TEST_1970,80.1121
TEST_1971,80.1121
TEST_1972,84.640976
TEST_1973,88.17532
TEST_1974,82.22167
TEST_1975,82.40516
TEST_1976,80.1121
TEST_1977,80.1121
TEST_1978,80.1121
TEST_1979,82.67731
TEST_1980,80.1121
TEST_1981,80.1121
TEST_1982,83.312836
TEST_1983,87.24753
TEST_1984,82.44614
TEST_1985,82.223274
TEST_1986,82.58498
TEST_1987,80.1121
TEST_1988,83.65989
TEST_1989,82.11547
TEST_1990,87.981224
TEST_1991,80.1121
TEST_1992,82.55135
TEST_1993,82.08299
TEST_1994,82.14466
TEST_1995,82.690926
TEST_1996,80.1121
TEST_1997,87.16266
TEST_1998,83.005646
TEST_1999,88.55595
TEST_2000,88.1142
TEST_2001,87.04877
TEST_2002,82.79544
TEST_2003,80.1121
TEST_2004,82.82553
TEST_2005,80.1121
TEST_2006,80.1121
TEST_2007,83.273315
TEST_2008,80.1121
TEST_2009,82.468994
TEST_2010,82.359856
TEST_2011,80.1121
TEST_2012,82.57964
TEST_2013,82.397865
TEST_2014,80.1121
TEST_2015,86.87703
TEST_2016,88.70105
TEST_2017,80.1121
TEST_2018,82.220436
TEST_2019,87.236435
TEST_2020,82.55583
TEST_2021,82.69592
TEST_2022,84.10143
TEST_2023,80.1121
TEST_2024,85.72192
TEST_2025,82.87519
TEST_2026,80.1121
TEST_2027,84.3237
TEST_2028,82.51058
TEST_2029,80.1121
TEST_2030,83.32967
TEST_2031,83.09348
TEST_2032,83.37673
TEST_2033,85.00756
TEST_2034,80.1121
TEST_2035,80.1121
TEST_2036,88.06715
TEST_2037,80.1121
TEST_2038,81.86579
TEST_2039,82.953285
TEST_2040,82.43911
TEST_2041,80.1121
TEST_2042,82.359856
TEST_2043,80.1121
TEST_2044,82.09045
TEST_2045,81.91718
TEST_2046,80.1121
TEST_2047,82.289215
TEST_2048,82.79396
TEST_2049,82.410866
TEST_2050,82.25114
TEST_2051,80.1121
TEST_2052,83.96253
TEST_2053,83.19641
TEST_2054,82.32201
TEST_2055,82.61333
TEST_2056,87.426025
TEST_2057,83.03128
TEST_2058,80.1121
TEST_2059,82.03651
TEST_2060,88.19559
TEST_2061,82.165016
TEST_2062,82.9571
TEST_2063,82.36052
TEST_2064,80.1121
TEST_2065,84.204414
TEST_2066,80.1121
TEST_2067,87.45991
TEST_2068,80.1121
TEST_2069,87.55576
TEST_2070,83.84022
TEST_2071,85.46254
TEST_2072,82.17487
TEST_2073,86.831566
TEST_2074,80.1121
TEST_2075,82.60629
TEST_2076,82.17857
TEST_2077,84.59217
TEST_2078,83.46246
TEST_2079,88.697136
TEST_2080,82.137856
TEST_2081,82.56653
TEST_2082,80.1121
TEST_2083,82.84698
TEST_2084,80.1121
TEST_2085,83.487335
TEST_2086,80.1121
TEST_2087,82.533516
TEST_2088,83.04098
TEST_2089,80.1121
TEST_2090,82.43801
TEST_2091,80.1121
TEST_2092,87.39295
TEST_2093,88.15411
TEST_2094,86.20609
TEST_2095,85.46316
TEST_2096,82.49286
TEST_2097,80.1121
TEST_2098,82.438095
TEST_2099,80.1121
TEST_2100,80.1121
TEST_2101,82.51702
TEST_2102,82.40555
TEST_2103,80.1121
TEST_2104,83.869
TEST_2105,81.94218
TEST_2106,80.1121
TEST_2107,83.08344
TEST_2108,88.22364
TEST_2109,84.78103
TEST_2110,80.1121
TEST_2111,85.57889
TEST_2112,87.313835
TEST_2113,84.04743
TEST_2114,80.1121
TEST_2115,82.97102
TEST_2116,80.1121
TEST_2117,80.1121
TEST_2118,82.8607
TEST_2119,80.1121
TEST_2120,80.1121
TEST_2121,82.612175
TEST_2122,82.34702
TEST_2123,82.601425
TEST_2124,85.97188
TEST_2125,87.82253
TEST_2126,80.1121
TEST_2127,80.1121
TEST_2128,88.52004
TEST_2129,80.1121
TEST_2130,80.1121
TEST_2131,82.19374
TEST_2132,82.303635
TEST_2133,80.1121
TEST_2134,83.054504
TEST_2135,82.20442
TEST_2136,80.1121
TEST_2137,85.37948
TEST_2138,85.49336
TEST_2139,82.370804
TEST_2140,87.97023
TEST_2141,80.1121
TEST_2142,87.01364
TEST_2143,80.1121
TEST_2144,87.90136
TEST_2145,84.17737
TEST_2146,80.1121
TEST_2147,83.311264
TEST_2148,83.93319
TEST_2149,82.68625
TEST_2150,80.1121
TEST_2151,82.14317
TEST_2152,80.1121
TEST_2153,82.44408
TEST_2154,82.0218
TEST_2155,82.38862
TEST_2156,83.7157
TEST_2157,86.45718
TEST_2158,80.1121
TEST_2159,80.1121
TEST_2160,82.87558
TEST_2161,80.1121
TEST_2162,80.1121
TEST_2163,82.31963
TEST_2164,83.54375
TEST_2165,87.83363
TEST_2166,82.362
TEST_2167,84.429436
TEST_2168,83.18137
TEST_2169,88.68968
TEST_2170,80.1121
TEST_2171,82.451195
TEST_2172,84.23308
TEST_2173,88.752144
TEST_2174,86.90726
TEST_2175,80.1121
TEST_2176,82.70418
TEST_2177,82.238556
TEST_2178,80.1121
TEST_2179,80.1121
TEST_2180,83.178474
TEST_2181,80.1121
TEST_2182,85.3124
TEST_2183,82.03309
TEST_2184,84.06788
TEST_2185,83.44602
TEST_2186,84.42545
TEST_2187,84.25118
TEST_2188,86.56305
TEST_2189,86.197395
TEST_2190,84.01198
TEST_2191,80.1121
TEST_2192,80.1121
TEST_2193,82.20598
TEST_2194,82.55013
TEST_2195,80.1121
TEST_2196,82.916374
TEST_2197,80.1121
TEST_2198,80.1121
TEST_2199,83.04636
TEST_2200,80.1121
TEST_2201,80.1121
TEST_2202,83.96956
TEST_2203,82.29897
TEST_2204,80.1121
TEST_2205,80.1121
TEST_2206,86.74278
TEST_2207,85.99263
TEST_2208,82.1364
TEST_2209,82.302925
TEST_2210,82.66135
TEST_2211,80.1121
TEST_2212,80.1121
TEST_2213,82.201614
TEST_2214,80.1121
TEST_2215,80.1121
TEST_2216,83.08604
TEST_2217,82.815155
TEST_2218,80.1121
TEST_2219,83.84524
TEST_2220,87.66638
TEST_2221,80.1121
TEST_2222,82.23534
TEST_2223,81.8464
TEST_2224,82.696625
TEST_2225,82.209435
TEST_2226,82.78042
TEST_2227,86.56322
TEST_2228,82.798546
TEST_2229,88.43112
TEST_2230,80.1121
TEST_2231,88.27302
TEST_2232,80.1121
TEST_2233,83.01235
TEST_2234,82.42893
TEST_2235,88.09428
TEST_2236,82.0474
TEST_2237,84.20815
TEST_2238,82.59425
TEST_2239,87.78296
TEST_2240,80.1121
TEST_2241,86.683136
TEST_2242,80.1121
TEST_2243,82.76042
TEST_2244,82.70851
TEST_2245,80.1121
TEST_2246,82.07492
TEST_2247,82.044075
TEST_2248,82.07935
TEST_2249,88.497025
TEST_2250,83.93633
TEST_2251,80.1121
TEST_2252,82.125435
TEST_2253,86.53026
TEST_2254,83.06279
TEST_2255,87.89125
TEST_2256,80.1121
TEST_2257,87.82417
TEST_2258,82.61009
TEST_2259,86.456696
TEST_2260,80.1121
TEST_2261,80.1121
TEST_2262,80.1121
TEST_2263,82.622665
TEST_2264,80.1121
TEST_2265,80.1121
TEST_2266,82.396255
TEST_2267,83.31003
TEST_2268,80.1121
TEST_2269,86.903755
TEST_2270,83.51385
TEST_2271,82.80261
TEST_2272,80.1121
TEST_2273,82.315834
TEST_2274,80.1121
TEST_2275,87.509415
TEST_2276,82.4121
TEST_2277,85.61132
TEST_2278,87.49933
TEST_2279,80.1121
TEST_2280,80.1121
TEST_2281,82.1519
TEST_2282,83.477486
TEST_2283,82.31569
TEST_2284,82.76243
TEST_2285,88.293655
TEST_2286,83.93864
TEST_2287,88.87457
TEST_2288,83.55032
TEST_2289,80.1121
TEST_2290,82.95011
TEST_2291,80.1121
TEST_2292,88.38774
TEST_2293,80.1121
TEST_2294,82.471146
TEST_2295,80.1121
TEST_2296,81.94762
TEST_2297,86.54944
TEST_2298,80.1121
TEST_2299,80.1121
TEST_2300,87.12911
TEST_2301,80.1121
TEST_2302,80.1121
TEST_2303,82.18061
TEST_2304,83.4892
TEST_2305,82.83076
TEST_2306,82.36981
TEST_2307,83.24872
TEST_2308,80.1121
TEST_2309,80.1121
TEST_2310,82.47167
TEST_2311,83.98658
TEST_2312,81.9224
TEST_2313,80.1121
TEST_2314,80.1121
TEST_2315,80.1121
TEST_2316,82.35896
TEST_2317,82.37964
TEST_2318,80.1121
TEST_2319,82.28115
TEST_2320,80.1121
TEST_2321,83.14427
TEST_2322,82.22059
TEST_2323,84.11347
TEST_2324,80.1121
TEST_2325,80.1121
TEST_2326,87.305016
TEST_2327,83.18225
TEST_2328,87.196884
TEST_2329,82.95833
TEST_2330,82.841354
TEST_2331,88.79477
TEST_2332,80.1121
TEST_2333,82.39827
TEST_2334,84.25603
TEST_2335,83.146034
TEST_2336,84.5316
TEST_2337,83.212944
TEST_2338,80.1121
TEST_2339,83.3206
TEST_2340,82.406296
TEST_2341,83.19911
TEST_2342,80.1121
TEST_2343,83.181046
TEST_2344,80.1121
TEST_2345,87.805664
TEST_2346,82.227066
TEST_2347,82.42657
TEST_2348,82.59851
TEST_2349,82.83117
TEST_2350,85.81287
TEST_2351,88.16181
TEST_2352,82.552635
TEST_2353,87.301994
TEST_2354,80.1121
TEST_2355,84.63021
TEST_2356,82.22179
TEST_2357,82.35065
TEST_2358,83.4308
TEST_2359,82.66143
TEST_2360,84.13935
TEST_2361,80.1121
TEST_2362,82.22887
TEST_2363,80.1121
TEST_2364,82.07785
TEST_2365,80.1121
TEST_2366,82.34773
TEST_2367,86.73218
TEST_2368,80.1121
TEST_2369,82.53539
TEST_2370,80.1121
TEST_2371,80.1121
TEST_2372,86.80724
TEST_2373,87.72394
TEST_2374,85.22729
TEST_2375,82.97429
TEST_2376,83.95308
TEST_2377,87.009766
TEST_2378,80.1121
TEST_2379,84.10058
TEST_2380,83.45021
TEST_2381,88.42747
TEST_2382,82.40472
TEST_2383,80.1121
TEST_2384,82.49704
TEST_2385,80.1121
TEST_2386,88.26712
TEST_2387,82.21531
TEST_2388,80.1121
TEST_2389,82.40366
TEST_2390,82.06446
TEST_2391,87.84456
TEST_2392,84.61668
TEST_2393,88.53221
TEST_2394,87.938614
TEST_2395,80.1121
TEST_2396,82.56835
TEST_2397,80.1121
TEST_2398,80.1121
TEST_2399,83.73637
TEST_2400,82.71697
TEST_2401,80.1121
TEST_2402,85.18349
TEST_2403,80.1121
TEST_2404,82.907364
TEST_2405,80.1121
TEST_2406,82.41619
TEST_2407,80.1121
TEST_2408,82.42803
TEST_2409,82.28399
TEST_2410,86.62923
TEST_2411,83.99192
TEST_2412,87.34687
TEST_2413,80.1121
TEST_2414,80.1121
TEST_2415,80.1121
TEST_2416,82.24806
TEST_2417,80.1121
TEST_2418,88.299164
TEST_2419,80.1121
TEST_2420,84.49469
TEST_2421,80.1121
TEST_2422,82.45262
TEST_2423,80.1121
TEST_2424,88.40308
TEST_2425,82.525635
TEST_2426,80.1121
TEST_2427,85.55902
TEST_2428,83.814835
TEST_2429,80.1121
TEST_2430,83.83856
TEST_2431,83.79278
TEST_2432,88.47242
TEST_2433,80.1121
TEST_2434,82.33613
TEST_2435,80.1121
TEST_2436,82.321075
TEST_2437,80.1121
TEST_2438,82.11602
TEST_2439,83.63898
TEST_2440,82.06069
TEST_2441,82.41951
TEST_2442,80.1121
TEST_2443,81.98609
TEST_2444,88.34032
TEST_2445,80.1121
TEST_2446,84.14638
TEST_2447,80.1121
TEST_2448,80.1121
TEST_2449,83.0633
TEST_2450,80.1121
TEST_2451,87.028465
TEST_2452,80.1121
TEST_2453,83.677124
TEST_2454,82.477356
TEST_2455,82.00211
TEST_2456,81.94359
TEST_2457,83.2582
TEST_2458,82.40071
TEST_2459,82.91436
TEST_2460,82.61889
TEST_2461,80.1121
TEST_2462,82.282104
TEST_2463,84.20145
TEST_2464,84.25587
TEST_2465,80.1121
TEST_2466,80.1121
TEST_2467,88.30582
TEST_2468,83.49662
TEST_2469,80.1121
TEST_2470,85.86667
TEST_2471,82.32091
TEST_2472,82.88934
TEST_2473,80.1121
TEST_2474,80.1121
TEST_2475,80.1121
TEST_2476,82.685684
TEST_2477,80.1121
TEST_2478,82.86098
TEST_2479,83.95106
TEST_2480,83.02434
TEST_2481,82.77669
TEST_2482,82.29789
TEST_2483,82.16029
TEST_2484,80.1121
TEST_2485,80.1121
TEST_2486,84.39385
TEST_2487,82.17531
TEST_2488,83.73104
TEST_2489,84.058044
TEST_2490,80.1121
TEST_2491,83.26228
TEST_2492,82.78783
TEST_2493,82.32113
TEST_2494,82.93055
TEST_2495,85.9394
TEST_2496,83.674164
TEST_2497,83.33026
TEST_2498,80.1121
TEST_2499,88.114334
TEST_2500,83.716156
TEST_2501,83.64343
TEST_2502,84.55576
TEST_2503,83.926605
TEST_2504,80.1121
TEST_2505,88.106804
TEST_2506,84.75013
TEST_2507,83.623505
TEST_2508,84.48401
TEST_2509,82.61835
TEST_2510,86.95034
TEST_2511,83.575745
TEST_2512,80.1121
TEST_2513,80.1121
TEST_2514,80.1121
TEST_2515,82.00063
TEST_2516,82.14196
TEST_2517,80.1121
TEST_2518,80.1121
TEST_2519,80.1121
TEST_2520,80.1121
TEST_2521,84.1428
TEST_2522,83.230736
TEST_2523,80.1121
TEST_2524,82.02813
TEST_2525,84.53047
TEST_2526,82.49903
TEST_2527,82.94093
TEST_2528,85.98593
TEST_2529,84.93552
TEST_2530,83.61815
TEST_2531,87.4598
TEST_2532,80.1121
TEST_2533,83.10289
TEST_2534,80.1121
TEST_2535,80.1121
TEST_2536,82.31883
TEST_2537,82.44927
TEST_2538,87.403885
TEST_2539,84.04178
TEST_2540,88.5026
TEST_2541,85.0799
TEST_2542,84.06272
TEST_2543,88.83948
TEST_2544,80.1121
TEST_2545,82.28732
TEST_2546,80.1121
TEST_2547,88.42209
TEST_2548,82.39771
TEST_2549,88.60279
TEST_2550,80.1121
TEST_2551,80.1121
TEST_2552,82.308174
TEST_2553,88.44054
TEST_2554,82.244934
TEST_2555,80.1121
TEST_2556,82.95501
TEST_2557,80.1121
TEST_2558,82.26544
TEST_2559,83.42436
TEST_2560,84.12843
TEST_2561,88.39319
TEST_2562,83.91965
TEST_2563,84.754196
TEST_2564,80.1121
TEST_2565,88.50928
TEST_2566,83.308136
TEST_2567,82.38263
TEST_2568,82.34652
TEST_2569,80.1121
TEST_2570,82.61941
TEST_2571,82.73654
TEST_2572,81.9413
TEST_2573,83.8419
TEST_2574,82.55454
TEST_2575,83.793335
TEST_2576,86.93065
TEST_2577,87.51042
TEST_2578,82.51273
TEST_2579,82.143074
TEST_2580,80.1121
TEST_2581,80.1121
TEST_2582,80.1121
TEST_2583,82.095215
TEST_2584,80.1121
TEST_2585,80.1121
TEST_2586,84.39998
TEST_2587,80.1121
TEST_2588,80.1121
TEST_2589,88.182846
TEST_2590,80.1121
TEST_2591,84.08032
TEST_2592,83.7708
TEST_2593,82.16905
TEST_2594,80.1121
TEST_2595,82.29201
TEST_2596,83.22172
TEST_2597,80.1121
TEST_2598,87.12188
TEST_2599,84.08814
TEST_2600,82.41419
TEST_2601,80.1121
TEST_2602,80.1121
TEST_2603,82.24109
TEST_2604,83.73443
TEST_2605,83.65551
TEST_2606,84.60945
TEST_2607,80.1121
TEST_2608,83.44801
TEST_2609,80.1121
TEST_2610,82.353714
TEST_2611,84.07878
TEST_2612,80.1121
TEST_2613,80.1121
TEST_2614,82.27525
TEST_2615,83.132256
TEST_2616,80.1121
TEST_2617,80.1121
TEST_2618,84.01896
TEST_2619,82.766174
TEST_2620,82.49769
TEST_2621,82.52025
TEST_2622,83.72655
TEST_2623,82.6457
TEST_2624,83.58263
TEST_2625,85.5049
TEST_2626,80.1121
TEST_2627,88.281586
TEST_2628,86.1473
TEST_2629,84.69234
TEST_2630,80.1121
TEST_2631,82.57759
TEST_2632,87.75839
TEST_2633,82.84009
TEST_2634,82.19896
TEST_2635,83.0152
TEST_2636,82.28648
TEST_2637,80.1121
TEST_2638,80.1121
TEST_2639,86.40658
TEST_2640,82.42863
TEST_2641,84.27576
TEST_2642,81.96528
TEST_2643,82.32508
TEST_2644,82.27619
TEST_2645,82.39485
TEST_2646,80.1121
TEST_2647,82.21646
TEST_2648,85.93146
TEST_2649,82.91943
TEST_2650,80.1121
TEST_2651,83.62823
TEST_2652,81.94396
TEST_2653,82.374985
TEST_2654,86.79304
TEST_2655,82.40081
TEST_2656,80.1121
TEST_2657,81.99652
TEST_2658,80.1121
TEST_2659,80.1121
TEST_2660,82.79349
TEST_2661,82.01107
TEST_2662,88.04946
TEST_2663,80.1121
TEST_2664,83.75757
TEST_2665,83.50819
TEST_2666,80.1121
TEST_2667,82.92926
TEST_2668,82.5457
TEST_2669,84.44737
TEST_2670,83.034485
TEST_2671,84.74238
TEST_2672,80.1121
TEST_2673,83.17462
TEST_2674,83.637634
TEST_2675,84.619026
TEST_2676,82.57378
TEST_2677,83.78256
TEST_2678,87.498436
TEST_2679,80.1121
TEST_2680,83.284805
TEST_2681,84.72176
TEST_2682,88.146355
TEST_2683,85.70835
TEST_2684,88.04898
TEST_2685,82.632965
TEST_2686,80.1121
TEST_2687,82.2191
TEST_2688,80.1121
TEST_2689,80.1121
TEST_2690,80.1121
TEST_2691,87.026474
TEST_2692,82.23394
TEST_2693,82.31833
TEST_2694,80.1121
TEST_2695,82.491264
TEST_2696,82.97571
TEST_2697,82.25191
TEST_2698,83.60947
TEST_2699,83.10068
TEST_2700,86.78975
TEST_2701,82.23749
TEST_2702,83.10322
TEST_2703,80.1121
TEST_2704,83.77346
TEST_2705,82.68345
TEST_2706,88.257935
TEST_2707,84.58241
TEST_2708,83.8525
TEST_2709,80.1121
TEST_2710,83.92582
TEST_2711,80.1121
TEST_2712,80.1121
TEST_2713,80.1121
TEST_2714,88.623764
TEST_2715,83.86199
TEST_2716,80.1121
TEST_2717,80.1121
TEST_2718,87.8165
TEST_2719,88.04879
TEST_2720,80.1121
TEST_2721,88.63402
TEST_2722,82.196785
TEST_2723,82.12663
TEST_2724,83.70665
TEST_2725,80.1121
TEST_2726,80.1121
TEST_2727,82.6203
TEST_2728,82.70979
TEST_2729,84.44261
TEST_2730,80.1121
TEST_2731,80.1121
TEST_2732,80.1121
TEST_2733,88.31311
TEST_2734,80.1121
TEST_2735,82.99496
TEST_2736,82.64554
TEST_2737,86.85627
TEST_2738,82.874626
TEST_2739,85.0746
TEST_2740,82.20438
TEST_2741,87.62506
TEST_2742,88.41912
TEST_2743,85.24927
TEST_2744,80.1121
TEST_2745,83.83107
TEST_2746,82.19634
TEST_2747,82.16405
TEST_2748,80.1121
TEST_2749,88.59773
TEST_2750,85.46287
TEST_2751,83.18616
TEST_2752,83.140884
TEST_2753,82.8717
TEST_2754,80.1121
TEST_2755,84.35063
TEST_2756,80.1121
TEST_2757,85.07655
TEST_2758,83.69199
TEST_2759,82.232445
TEST_2760,82.281
TEST_2761,83.82532
TEST_2762,82.26329
TEST_2763,88.79788
TEST_2764,85.04552
TEST_2765,87.94246
TEST_2766,82.30409
TEST_2767,80.1121
TEST_2768,83.912415
TEST_2769,85.96919
TEST_2770,88.17476
TEST_2771,83.432686
TEST_2772,87.94409
TEST_2773,82.813614
TEST_2774,82.97666
TEST_2775,80.1121
TEST_2776,82.930435
TEST_2777,86.156746
TEST_2778,82.14871
TEST_2779,82.19021
TEST_2780,82.25874
TEST_2781,80.1121
TEST_2782,80.1121
TEST_2783,83.59947
TEST_2784,86.71558
TEST_2785,84.692505
TEST_2786,86.63706
TEST_2787,85.09471
TEST_2788,80.1121
TEST_2789,82.98065
TEST_2790,80.1121
TEST_2791,82.66674
TEST_2792,80.1121
TEST_2793,85.01414
TEST_2794,83.104034
TEST_2795,82.543945
TEST_2796,80.1121
TEST_2797,82.332275
TEST_2798,82.15368
TEST_2799,82.55254
TEST_2800,80.1121
TEST_2801,80.1121
TEST_2802,83.063644
TEST_2803,88.28121
TEST_2804,80.1121
TEST_2805,85.10147
TEST_2806,83.79533
TEST_2807,82.71017
TEST_2808,88.34353
TEST_2809,82.41986
TEST_2810,87.41737
TEST_2811,80.1121
TEST_2812,83.29146
TEST_2813,83.45384
TEST_2814,80.1121
TEST_2815,87.74901
TEST_2816,82.438385
TEST_2817,82.66048
TEST_2818,80.1121
TEST_2819,87.12715
TEST_2820,80.1121
TEST_2821,86.7256
TEST_2822,83.81926
TEST_2823,80.1121
TEST_2824,82.34369
TEST_2825,82.19825
TEST_2826,80.1121
TEST_2827,80.1121
TEST_2828,83.88172
TEST_2829,80.1121
TEST_2830,80.1121
TEST_2831,86.34138
TEST_2832,87.04153
TEST_2833,86.95712
TEST_2834,82.54865
TEST_2835,86.188095
TEST_2836,82.98923
TEST_2837,83.10232
TEST_2838,82.84226
TEST_2839,83.7087
TEST_2840,82.500046
TEST_2841,80.1121
TEST_2842,82.856026
TEST_2843,82.33469
TEST_2844,83.29631
TEST_2845,87.68069
TEST_2846,82.84061
TEST_2847,80.1121
TEST_2848,80.1121
TEST_2849,82.7553
TEST_2850,83.46347
TEST_2851,84.035164
TEST_2852,82.042915
TEST_2853,87.11055
TEST_2854,82.6713
TEST_2855,82.19217
TEST_2856,87.11422
TEST_2857,84.90567
TEST_2858,80.1121
TEST_2859,80.1121
TEST_2860,82.5446
TEST_2861,80.1121
TEST_2862,85.15994
TEST_2863,83.10629
TEST_2864,80.1121
TEST_2865,88.18264
TEST_2866,82.63048
TEST_2867,82.57634
TEST_2868,82.110954
TEST_2869,84.45523
TEST_2870,82.59425
TEST_2871,82.86602
TEST_2872,87.854515
TEST_2873,84.39992
TEST_2874,82.94669
TEST_2875,80.1121
TEST_2876,82.63329
TEST_2877,80.1121
TEST_2878,85.9558
TEST_2879,87.76142
TEST_2880,82.8244
TEST_2881,80.1121
TEST_2882,86.80182
TEST_2883,87.463165
TEST_2884,87.0998
TEST_2885,83.19597
TEST_2886,82.82807
TEST_2887,88.06973
TEST_2888,80.1121
TEST_2889,82.1745
TEST_2890,85.513916
TEST_2891,82.88041
TEST_2892,83.78623
TEST_2893,88.189415
TEST_2894,88.652016
TEST_2895,83.89587
TEST_2896,88.60223
TEST_2897,80.1121
TEST_2898,82.9321
TEST_2899,83.16125
TEST_2900,82.20286
TEST_2901,83.584045
TEST_2902,80.1121
TEST_2903,82.88277
TEST_2904,80.1121
TEST_2905,83.923454
TEST_2906,84.061356
TEST_2907,86.642105
TEST_2908,83.05564
TEST_2909,82.376526
TEST_2910,82.323395
TEST_2911,82.64635
TEST_2912,82.430305
TEST_2913,82.45131
TEST_2914,82.278534
TEST_2915,82.78052
TEST_2916,80.1121
TEST_2917,85.96741
TEST_2918,85.313774
TEST_2919,83.21204
TEST_2920,82.29114
TEST_2921,80.1121
TEST_2922,84.93773
TEST_2923,82.13112
TEST_2924,82.07604
TEST_2925,80.1121
TEST_2926,80.1121
TEST_2927,80.1121
TEST_2928,80.1121
TEST_2929,82.35037
TEST_2930,80.1121
TEST_2931,80.1121
TEST_2932,84.317444
TEST_2933,82.62247
TEST_2934,85.22687
TEST_2935,82.514984
TEST_2936,83.75037
TEST_2937,80.1121
TEST_2938,80.1121
TEST_2939,80.1121
TEST_2940,82.84701
TEST_2941,88.37996
TEST_2942,80.1121
TEST_2943,80.1121
TEST_2944,80.1121
TEST_2945,82.528244
TEST_2946,80.1121
TEST_2947,80.1121
TEST_2948,80.1121
TEST_2949,80.1121
TEST_2950,80.1121
TEST_2951,82.20785
TEST_2952,82.173065
TEST_2953,85.97118
TEST_2954,83.13029
TEST_2955,83.049866
TEST_2956,80.1121
TEST_2957,85.430855
TEST_2958,82.37433
TEST_2959,80.1121
TEST_2960,82.163284
TEST_2961,83.24972
TEST_2962,80.1121
TEST_2963,83.53618
TEST_2964,80.1121
TEST_2965,80.1121
TEST_2966,88.63632
TEST_2967,83.54638
TEST_2968,82.73081
TEST_2969,87.793755
TEST_2970,87.45691
TEST_2971,84.3316
TEST_2972,80.1121
TEST_2973,83.23512
TEST_2974,82.530014
TEST_2975,82.96414
TEST_2976,80.1121
TEST_2977,87.25863
TEST_2978,82.41756
TEST_2979,86.41127
TEST_2980,82.54865
TEST_2981,87.710266
TEST_2982,80.1121
TEST_2983,83.36618
TEST_2984,85.10868
TEST_2985,80.1121
TEST_2986,82.47501
TEST_2987,82.16977
TEST_2988,84.03043
TEST_2989,80.1121
TEST_2990,82.15728
TEST_2991,82.82121
TEST_2992,84.668655
TEST_2993,82.167046
TEST_2994,85.58342
TEST_2995,87.001755
TEST_2996,80.1121
TEST_2997,83.58308
TEST_2998,88.72867
TEST_2999,82.38503
TEST_3000,80.1121
TEST_3001,82.60597
TEST_3002,80.1121
TEST_3003,80.1121
TEST_3004,88.63492
TEST_3005,87.971466
TEST_3006,80.1121
TEST_3007,84.44786
TEST_3008,84.20527
TEST_3009,80.1121
TEST_3010,80.1121
TEST_3011,82.42484
TEST_3012,80.1121
TEST_3013,82.37858
TEST_3014,80.1121
TEST_3015,84.572296
TEST_3016,83.6032
TEST_3017,80.1121
TEST_3018,80.1121
TEST_3019,80.1121
TEST_3020,80.1121
TEST_3021,82.59656
TEST_3022,80.1121
TEST_3023,82.80989
TEST_3024,82.139084
TEST_3025,80.1121
TEST_3026,80.1121
TEST_3027,80.1121
TEST_3028,80.1121
TEST_3029,80.1121
TEST_3030,87.24914
TEST_3031,80.1121
TEST_3032,83.060135
TEST_3033,82.089325
TEST_3034,83.19566
TEST_3035,86.60861
TEST_3036,86.124596
TEST_3037,80.1121
TEST_3038,82.76003
TEST_3039,83.004684
TEST_3040,82.66174
TEST_3041,80.1121
TEST_3042,80.1121
TEST_3043,83.1089
TEST_3044,83.24798
TEST_3045,80.1121
TEST_3046,80.1121
TEST_3047,87.03889
TEST_3048,80.1121
TEST_3049,82.02305
TEST_3050,87.395996
TEST_3051,82.530815
TEST_3052,80.1121
TEST_3053,82.36087
TEST_3054,80.1121
TEST_3055,83.54163
TEST_3056,82.052574
TEST_3057,80.1121
TEST_3058,82.55122
TEST_3059,82.461876
TEST_3060,82.00832
TEST_3061,83.25522
TEST_3062,86.87853
TEST_3063,82.72206
TEST_3064,82.05892
TEST_3065,88.08626
TEST_3066,80.1121
TEST_3067,80.1121
TEST_3068,80.1121
TEST_3069,80.1121
TEST_3070,80.1121
TEST_3071,82.56108
TEST_3072,82.600464
TEST_3073,80.1121
TEST_3074,82.61935
TEST_3075,82.52313
TEST_3076,84.4255
TEST_3077,82.55072
TEST_3078,87.80399
TEST_3079,86.66596
TEST_3080,80.1121
TEST_3081,80.1121
TEST_3082,82.21443
TEST_3083,83.17394
TEST_3084,80.1121
TEST_3085,82.11037
TEST_3086,82.23711
TEST_3087,82.37396
TEST_3088,80.1121
TEST_3089,80.1121
TEST_3090,88.18153
TEST_3091,88.02082
TEST_3092,80.1121
TEST_3093,82.44441
TEST_3094,88.67343
TEST_3095,86.7716
TEST_3096,83.76343
TEST_3097,83.72267
TEST_3098,82.60402
TEST_3099,80.1121
TEST_3100,82.99735
TEST_3101,82.57523
TEST_3102,87.922424
TEST_3103,82.82347
TEST_3104,82.01458
TEST_3105,87.31037
TEST_3106,80.1121
TEST_3107,80.1121
TEST_3108,80.1121
TEST_3109,87.76581
TEST_3110,80.1121
TEST_3111,80.1121
TEST_3112,82.43043
TEST_3113,80.1121
TEST_3114,82.53711
TEST_3115,82.79389
TEST_3116,80.1121
TEST_3117,82.91015
TEST_3118,84.33478
TEST_3119,80.1121
TEST_3120,82.8015
TEST_3121,85.86313
TEST_3122,80.1121
TEST_3123,80.1121
TEST_3124,80.1121
TEST_3125,83.36566
TEST_3126,82.5009
TEST_3127,83.18172
TEST_3128,80.1121
TEST_3129,82.29647
TEST_3130,80.1121
TEST_3131,87.303375
TEST_3132,80.1121
TEST_3133,80.1121
TEST_3134,82.0129
TEST_3135,80.1121
TEST_3136,80.1121
TEST_3137,83.56902
TEST_3138,82.576965
TEST_3139,82.30751
TEST_3140,83.572716
TEST_3141,80.1121
TEST_3142,83.178696
TEST_3143,82.143906
TEST_3144,83.06137
TEST_3145,87.15781
TEST_3146,83.345505
TEST_3147,85.77067
TEST_3148,83.51503
TEST_3149,82.77691
TEST_3150,83.01674
TEST_3151,82.41773
TEST_3152,84.63883
TEST_3153,80.1121
TEST_3154,80.1121
TEST_3155,84.560486
TEST_3156,84.36631
TEST_3157,88.33452
TEST_3158,80.1121
TEST_3159,82.11426
TEST_3160,80.1121
TEST_3161,84.11611
TEST_3162,83.573555
TEST_3163,80.1121
TEST_3164,82.83876
TEST_3165,80.1121
TEST_3166,82.72644
TEST_3167,80.1121
TEST_3168,82.434906
TEST_3169,87.14052
TEST_3170,84.05711
TEST_3171,82.647156
TEST_3172,88.00393
TEST_3173,80.1121
TEST_3174,82.1151
TEST_3175,82.42944
TEST_3176,80.1121
TEST_3177,80.1121
TEST_3178,82.376114
TEST_3179,83.989494
TEST_3180,82.27885
TEST_3181,86.39603
TEST_3182,82.0528
TEST_3183,85.93153
TEST_3184,83.18293
TEST_3185,82.53499
TEST_3186,80.1121
TEST_3187,80.1121
TEST_3188,80.1121
TEST_3189,82.31914
TEST_3190,83.53544
TEST_3191,82.866264
TEST_3192,82.76326
TEST_3193,80.1121
TEST_3194,82.51019
TEST_3195,85.70233
TEST_3196,80.1121
TEST_3197,83.72154
TEST_3198,82.65861
TEST_3199,87.49572
TEST_3200,82.4685
TEST_3201,80.1121
TEST_3202,84.736755
TEST_3203,80.1121
TEST_3204,83.71386
TEST_3205,80.1121
TEST_3206,82.68663
TEST_3207,82.99543
TEST_3208,80.1121
TEST_3209,80.1121
TEST_3210,80.1121
TEST_3211,82.62426
TEST_3212,80.1121
TEST_3213,88.28985
TEST_3214,82.45717
TEST_3215,82.28119
TEST_3216,80.1121
TEST_3217,86.07588
TEST_3218,83.3172
TEST_3219,82.52476
TEST_3220,87.21207
TEST_3221,80.1121
TEST_3222,82.778625
TEST_3223,82.93613
TEST_3224,80.1121
TEST_3225,82.55969
TEST_3226,83.43194
TEST_3227,82.77528
TEST_3228,86.98686
TEST_3229,82.7963
TEST_3230,80.1121
TEST_3231,80.1121
TEST_3232,80.1121
TEST_3233,82.77699
TEST_3234,80.1121
TEST_3235,82.52817
TEST_3236,82.668564
TEST_3237,80.1121
TEST_3238,83.02442
TEST_3239,83.602135
TEST_3240,82.63431
TEST_3241,80.1121
TEST_3242,80.1121
TEST_3243,82.62121
TEST_3244,80.1121
TEST_3245,82.605675
TEST_3246,80.1121
TEST_3247,83.37112
TEST_3248,86.68157
TEST_3249,82.048836
TEST_3250,82.783844
TEST_3251,84.22313
TEST_3252,82.40949
TEST_3253,80.1121
TEST_3254,85.39804
TEST_3255,82.49573
TEST_3256,80.1121
TEST_3257,82.15271
TEST_3258,80.1121
TEST_3259,80.1121
TEST_3260,80.1121
TEST_3261,82.52218
TEST_3262,80.1121
TEST_3263,80.1121
TEST_3264,81.88189
TEST_3265,80.1121
TEST_3266,82.388176
TEST_3267,82.21129
TEST_3268,88.45102
TEST_3269,82.99432
TEST_3270,83.220436
TEST_3271,86.25512
TEST_3272,82.08319
TEST_3273,82.28571
TEST_3274,82.79134
TEST_3275,82.31378
TEST_3276,84.32814
TEST_3277,82.42937
TEST_3278,87.89642
TEST_3279,80.1121
TEST_3280,82.624115
TEST_3281,80.1121
TEST_3282,84.19346
TEST_3283,82.332375
TEST_3284,83.10503
TEST_3285,80.1121
TEST_3286,87.7168
TEST_3287,80.1121
TEST_3288,80.1121
TEST_3289,82.36856
TEST_3290,82.594185
TEST_3291,85.20813
TEST_3292,80.1121
TEST_3293,82.49681
TEST_3294,82.964066
TEST_3295,85.46938
TEST_3296,82.39196
TEST_3297,82.76156
TEST_3298,80.1121
TEST_3299,86.57866
TEST_3300,80.1121
TEST_3301,83.95119
TEST_3302,80.1121
TEST_3303,86.10501
TEST_3304,84.42141
TEST_3305,82.02461
TEST_3306,82.6289
TEST_3307,82.20702
TEST_3308,82.53199
TEST_3309,88.51854
TEST_3310,82.3997
TEST_3311,80.1121
TEST_3312,83.275085
TEST_3313,86.515076
TEST_3314,82.74956
TEST_3315,83.34888
TEST_3316,80.1121
TEST_3317,84.01815
TEST_3318,82.5833
TEST_3319,80.1121
TEST_3320,83.21515
TEST_3321,80.1121
TEST_3322,84.57202
TEST_3323,80.1121
TEST_3324,80.1121
TEST_3325,83.66648
TEST_3326,82.43191
TEST_3327,80.1121
TEST_3328,83.25156
TEST_3329,87.74438
TEST_3330,88.03025
TEST_3331,80.1121
TEST_3332,82.691986
TEST_3333,82.19322
TEST_3334,80.1121
TEST_3335,87.56054
TEST_3336,80.1121
TEST_3337,83.739075
TEST_3338,88.68738
TEST_3339,82.999435
TEST_3340,80.1121
TEST_3341,86.07477
TEST_3342,83.83527
TEST_3343,88.504036
TEST_3344,83.1206
TEST_3345,80.1121
TEST_3346,80.1121
TEST_3347,88.78006
TEST_3348,80.1121
TEST_3349,80.1121
TEST_3350,83.13659
TEST_3351,86.49748
TEST_3352,82.58872
TEST_3353,82.445595
TEST_3354,86.24418
TEST_3355,82.342445
TEST_3356,88.13065
TEST_3357,80.1121
TEST_3358,80.1121
TEST_3359,87.19397
TEST_3360,82.801834
TEST_3361,80.1121
TEST_3362,87.01138
TEST_3363,80.1121
TEST_3364,83.40219
TEST_3365,80.1121
TEST_3366,80.1121
TEST_3367,82.43698
TEST_3368,87.6111
TEST_3369,80.1121
TEST_3370,80.1121
TEST_3371,82.58854
TEST_3372,88.75998
TEST_3373,83.28128
TEST_3374,84.569756
TEST_3375,82.51694
TEST_3376,82.44395
TEST_3377,80.1121
TEST_3378,80.1121
TEST_3379,80.1121
TEST_3380,82.47215
TEST_3381,83.2831
TEST_3382,83.24831
TEST_3383,83.477234
TEST_3384,80.1121
TEST_3385,82.75506
TEST_3386,80.1121
TEST_3387,80.1121
TEST_3388,85.54437
TEST_3389,82.80811
TEST_3390,80.1121
TEST_3391,82.113266
TEST_3392,84.416756
TEST_3393,82.58556
TEST_3394,80.1121
TEST_3395,83.32479
TEST_3396,80.1121
TEST_3397,82.27494
TEST_3398,83.16972
TEST_3399,82.74632
TEST_3400,82.21535
TEST_3401,84.1301
TEST_3402,88.83365
TEST_3403,88.028
TEST_3404,80.1121
TEST_3405,84.53176
TEST_3406,80.1121
TEST_3407,87.800995
TEST_3408,80.1121
TEST_3409,82.628876
TEST_3410,86.088295
TEST_3411,80.1121
TEST_3412,84.03692
TEST_3413,86.215546
TEST_3414,86.98074
TEST_3415,80.1121
TEST_3416,86.32985
TEST_3417,80.1121
TEST_3418,87.785255
TEST_3419,82.46199
TEST_3420,88.322075
TEST_3421,86.57915
TEST_3422,80.1121
TEST_3423,82.6289
TEST_3424,86.7299
TEST_3425,86.65729
TEST_3426,82.615654
TEST_3427,82.50495
TEST_3428,82.38721
TEST_3429,80.1121
TEST_3430,86.66377
TEST_3431,80.1121
TEST_3432,86.09168
TEST_3433,83.34
TEST_3434,82.52403
TEST_3435,82.4542
TEST_3436,84.13859
TEST_3437,80.1121
TEST_3438,82.62543
TEST_3439,80.1121
TEST_3440,80.1121
TEST_3441,82.28286
TEST_3442,83.27037
TEST_3443,84.05209
TEST_3444,82.62974
TEST_3445,83.848976
TEST_3446,82.665436
TEST_3447,80.1121
TEST_3448,87.95494
TEST_3449,83.73762
TEST_3450,82.0162
TEST_3451,82.68555
TEST_3452,82.54462
TEST_3453,83.08334
TEST_3454,82.60515
TEST_3455,88.15835
TEST_3456,82.78562
TEST_3457,82.722984
TEST_3458,82.91447
TEST_3459,88.29118
TEST_3460,80.1121
TEST_3461,83.25594
TEST_3462,80.1121
TEST_3463,80.1121
TEST_3464,80.1121
TEST_3465,83.187225
TEST_3466,82.43177
TEST_3467,86.012276
TEST_3468,80.1121
TEST_3469,83.25947
TEST_3470,82.552765
TEST_3471,86.28051
TEST_3472,82.545456
TEST_3473,82.82991
TEST_3474,88.60119
TEST_3475,82.66563
TEST_3476,84.20562
TEST_3477,83.49835
TEST_3478,83.95575
TEST_3479,82.49745
TEST_3480,88.78726
TEST_3481,80.1121
TEST_3482,88.287544
TEST_3483,82.31712
TEST_3484,83.02148
TEST_3485,83.022125
TEST_3486,84.00568
TEST_3487,85.973145
TEST_3488,84.44093
TEST_3489,82.23851
TEST_3490,82.260216
TEST_3491,80.1121
TEST_3492,82.8121
TEST_3493,84.02115
TEST_3494,80.1121
TEST_3495,80.1121
TEST_3496,80.1121
TEST_3497,82.481384
TEST_3498,82.32448
TEST_3499,82.15304
TEST_3500,80.1121
TEST_3501,80.1121
TEST_3502,88.015495
TEST_3503,80.1121
TEST_3504,80.1121
TEST_3505,82.40776
TEST_3506,80.1121
TEST_3507,83.17879
TEST_3508,86.69396
TEST_3509,85.95712
TEST_3510,82.65507
TEST_3511,80.1121
TEST_3512,87.63977
TEST_3513,82.297516
TEST_3514,80.1121
TEST_3515,80.1121
TEST_3516,83.50703
TEST_3517,80.1121
TEST_3518,81.97635
TEST_3519,80.1121
TEST_3520,83.926636
TEST_3521,82.81163
TEST_3522,80.1121
TEST_3523,87.8718
TEST_3524,84.256546
TEST_3525,85.6984
TEST_3526,80.1121
TEST_3527,83.29046
TEST_3528,80.1121
TEST_3529,85.10439
TEST_3530,80.1121
TEST_3531,86.8703
TEST_3532,80.1121
TEST_3533,84.09828
TEST_3534,87.63566
TEST_3535,81.92719
TEST_3536,80.1121
TEST_3537,80.1121
TEST_3538,87.21653
TEST_3539,83.33904
TEST_3540,84.00201
TEST_3541,84.599594
TEST_3542,82.376236
TEST_3543,88.36349
TEST_3544,82.49458
TEST_3545,82.01994
TEST_3546,83.99752
TEST_3547,80.1121
TEST_3548,83.57609
TEST_3549,82.319046
TEST_3550,82.35109
TEST_3551,82.448685
TEST_3552,82.359886
TEST_3553,80.1121
TEST_3554,80.1121
TEST_3555,85.088356
TEST_3556,81.96898
TEST_3557,83.37764
TEST_3558,80.1121
TEST_3559,82.669136
TEST_3560,80.1121
TEST_3561,88.87179
TEST_3562,86.16419
TEST_3563,80.1121
TEST_3564,81.997375
TEST_3565,85.639366
TEST_3566,80.1121
TEST_3567,83.50915
TEST_3568,82.488045
TEST_3569,82.92174
TEST_3570,82.87687
TEST_3571,80.1121
TEST_3572,85.80331
TEST_3573,80.1121
TEST_3574,80.1121
TEST_3575,80.1121
TEST_3576,88.238464
TEST_3577,82.45368
TEST_3578,84.89199
TEST_3579,87.91106
TEST_3580,82.73803
TEST_3581,81.98498
TEST_3582,82.91061
TEST_3583,82.991905
TEST_3584,83.68961
TEST_3585,82.01237
TEST_3586,83.17642
TEST_3587,83.03254
TEST_3588,80.1121
TEST_3589,80.1121
TEST_3590,80.1121
TEST_3591,83.61043
TEST_3592,82.76433
TEST_3593,88.60423
TEST_3594,80.1121
TEST_3595,82.21877
TEST_3596,82.574455
TEST_3597,83.458855
TEST_3598,82.37285
TEST_3599,86.28426
TEST_3600,80.1121
TEST_3601,83.29253
TEST_3602,80.1121
TEST_3603,82.84648
TEST_3604,80.1121
TEST_3605,83.168015
TEST_3606,83.377945
TEST_3607,83.868935
TEST_3608,82.451866
TEST_3609,80.1121
TEST_3610,80.1121
TEST_3611,85.01694
TEST_3612,82.579994
TEST_3613,82.576836
TEST_3614,80.1121
TEST_3615,84.34447
TEST_3616,83.31378
TEST_3617,83.13788
TEST_3618,82.51291
TEST_3619,83.137764
TEST_3620,80.1121
TEST_3621,84.35272
TEST_3622,82.43294
TEST_3623,80.1121
TEST_3624,82.0426
TEST_3625,87.838715
TEST_3626,82.76169
TEST_3627,88.27634
TEST_3628,85.232544
TEST_3629,80.1121
TEST_3630,80.1121
TEST_3631,84.19756
TEST_3632,86.55747
TEST_3633,80.1121
TEST_3634,80.1121
TEST_3635,82.387405
TEST_3636,82.09309
TEST_3637,80.1121
TEST_3638,84.06087
TEST_3639,82.32531
TEST_3640,87.44924
TEST_3641,80.1121
TEST_3642,82.29831
TEST_3643,84.32518
TEST_3644,80.1121
TEST_3645,83.30926
TEST_3646,80.1121
TEST_3647,80.1121
TEST_3648,82.12261
TEST_3649,83.65242
TEST_3650,83.006546
TEST_3651,87.03999
TEST_3652,83.28441
TEST_3653,82.04647
TEST_3654,85.75348
TEST_3655,80.1121
TEST_3656,82.61026
TEST_3657,82.320724
TEST_3658,84.23889
TEST_3659,82.70067
TEST_3660,82.12239
TEST_3661,83.96217
TEST_3662,80.1121
TEST_3663,82.26755
TEST_3664,82.4113
TEST_3665,82.43512
TEST_3666,82.67222
TEST_3667,83.539276
TEST_3668,80.1121
TEST_3669,83.12453
TEST_3670,80.1121
TEST_3671,82.28156
TEST_3672,87.77865
TEST_3673,80.1121
TEST_3674,87.0565
TEST_3675,88.34831
TEST_3676,88.40625
TEST_3677,84.56297
TEST_3678,82.33903
TEST_3679,86.59902
TEST_3680,80.1121
TEST_3681,82.096245
TEST_3682,82.35153
TEST_3683,82.59821
TEST_3684,82.472176
TEST_3685,82.50041
TEST_3686,80.1121
TEST_3687,80.1121
TEST_3688,85.57243
TEST_3689,84.21038
TEST_3690,82.31197
TEST_3691,87.92414
TEST_3692,80.1121
TEST_3693,80.1121
TEST_3694,83.74593
TEST_3695,82.556595
TEST_3696,88.20343
TEST_3697,83.243744
TEST_3698,80.1121
TEST_3699,82.66913
TEST_3700,82.57372
TEST_3701,82.40855
TEST_3702,82.05394
TEST_3703,82.30536
TEST_3704,86.01639
TEST_3705,82.25694
TEST_3706,84.76061
TEST_3707,82.68669
TEST_3708,82.315445
TEST_3709,82.512375
TEST_3710,81.86725
TEST_3711,80.1121
TEST_3712,86.15354
TEST_3713,80.1121
TEST_3714,80.1121
TEST_3715,83.36734
TEST_3716,87.44148
TEST_3717,80.1121
TEST_3718,87.99537
TEST_3719,80.1121
TEST_3720,85.382835
TEST_3721,82.60317
TEST_3722,83.946945
TEST_3723,83.71861
TEST_3724,80.1121
TEST_3725,82.62062
TEST_3726,80.1121
TEST_3727,84.4847
TEST_3728,80.1121
TEST_3729,82.15806
TEST_3730,87.74208
TEST_3731,88.07486
TEST_3732,85.04311
TEST_3733,83.71895
TEST_3734,87.99434
TEST_3735,80.1121
TEST_3736,80.1121
TEST_3737,82.32838
TEST_3738,82.332214
TEST_3739,88.34517
TEST_3740,82.11788
TEST_3741,82.81093
TEST_3742,82.57472
TEST_3743,82.444664
TEST_3744,88.39914
TEST_3745,80.1121
TEST_3746,82.194954
TEST_3747,80.1121
TEST_3748,80.1121
TEST_3749,87.939835
TEST_3750,80.1121
TEST_3751,80.1121
TEST_3752,82.304146
TEST_3753,82.5867
TEST_3754,80.1121
TEST_3755,80.1121
TEST_3756,80.1121
TEST_3757,80.1121
TEST_3758,80.1121
TEST_3759,83.169106
TEST_3760,82.91761
TEST_3761,80.1121
TEST_3762,84.847725
TEST_3763,83.93615
TEST_3764,82.3782
TEST_3765,84.27128
TEST_3766,82.40028
TEST_3767,82.83969
TEST_3768,82.79688
TEST_3769,80.1121
TEST_3770,82.25446
TEST_3771,80.1121
TEST_3772,80.1121
TEST_3773,82.54056
TEST_3774,84.0021
TEST_3775,80.1121
TEST_3776,82.37773
TEST_3777,83.81582
TEST_3778,80.1121
TEST_3779,83.35183
TEST_3780,80.1121
TEST_3781,83.45722
TEST_3782,82.64877
TEST_3783,82.50497
TEST_3784,82.430534
TEST_3785,82.39591
TEST_3786,88.41254
TEST_3787,82.048004
TEST_3788,83.407166
TEST_3789,88.79293
TEST_3790,82.43767
TEST_3791,82.73274
TEST_3792,80.1121
TEST_3793,80.1121
TEST_3794,82.62991
TEST_3795,80.1121
TEST_3796,80.1121
TEST_3797,80.1121
TEST_3798,81.94516
TEST_3799,82.17878
TEST_3800,83.53102
TEST_3801,88.818405
TEST_3802,80.1121
TEST_3803,82.09071
TEST_3804,82.559395
TEST_3805,82.29418
TEST_3806,83.50883
TEST_3807,84.48969
TEST_3808,80.1121
TEST_3809,86.732475
TEST_3810,82.59314
TEST_3811,87.88208
TEST_3812,85.49717
TEST_3813,82.33942
TEST_3814,80.1121
TEST_3815,83.60351
TEST_3816,80.1121
TEST_3817,87.41868
TEST_3818,82.9029
TEST_3819,82.13899
TEST_3820,82.81197
TEST_3821,80.1121
TEST_3822,84.419075
TEST_3823,82.493744
TEST_3824,82.37938
TEST_3825,80.1121
TEST_3826,82.37237
TEST_3827,80.1121
TEST_3828,82.1159
TEST_3829,88.66833
TEST_3830,88.641975
TEST_3831,84.21856
TEST_3832,80.1121
TEST_3833,82.563896
TEST_3834,82.848724
TEST_3835,86.18416
TEST_3836,82.825424
TEST_3837,83.01094
TEST_3838,80.1121
TEST_3839,87.41914
TEST_3840,82.34662
TEST_3841,87.40753
TEST_3842,84.163475
TEST_3843,83.18377
TEST_3844,82.48733
TEST_3845,86.58835
TEST_3846,87.115585
TEST_3847,83.28727
TEST_3848,86.41862
TEST_3849,80.1121
TEST_3850,80.1121
TEST_3851,80.1121
TEST_3852,80.1121
TEST_3853,84.55956
TEST_3854,80.1121
TEST_3855,84.99772
TEST_3856,83.97833
TEST_3857,82.338875
TEST_3858,85.369286
TEST_3859,80.1121
TEST_3860,85.84888
TEST_3861,84.05096
TEST_3862,80.1121
TEST_3863,80.1121
TEST_3864,85.1334
TEST_3865,82.25463
TEST_3866,83.01518
TEST_3867,80.1121
TEST_3868,82.55465
TEST_3869,84.52114
TEST_3870,82.27711
TEST_3871,86.774506
TEST_3872,80.1121
TEST_3873,80.1121
TEST_3874,82.15331
TEST_3875,82.45814
TEST_3876,83.232346
TEST_3877,86.429054
TEST_3878,82.05028
TEST_3879,82.821915
TEST_3880,80.1121
TEST_3881,82.49746
TEST_3882,86.45537
TEST_3883,80.1121
TEST_3884,82.29127
TEST_3885,80.1121
TEST_3886,82.75246
TEST_3887,82.436104
TEST_3888,83.376076
TEST_3889,87.89659
TEST_3890,83.476494
TEST_3891,83.97853
TEST_3892,82.0618
TEST_3893,84.95246
TEST_3894,82.26709
TEST_3895,80.1121
TEST_3896,82.104996
TEST_3897,83.106895
TEST_3898,87.2159
TEST_3899,82.35422
TEST_3900,80.1121
TEST_3901,82.76537
TEST_3902,83.55554
TEST_3903,82.72661
TEST_3904,82.97614
TEST_3905,80.1121
TEST_3906,87.9268
TEST_3907,80.1121
TEST_3908,86.9438
TEST_3909,83.01235
TEST_3910,83.0239
TEST_3911,86.995316
TEST_3912,80.1121
TEST_3913,80.1121
TEST_3914,82.14409
TEST_3915,87.06285
TEST_3916,84.59468
TEST_3917,83.22537
TEST_3918,87.283195
TEST_3919,80.1121
TEST_3920,82.79521
TEST_3921,86.394005
TEST_3922,82.8254
TEST_3923,87.50083
TEST_3924,80.1121
TEST_3925,87.979935
TEST_3926,82.51972
TEST_3927,80.1121
TEST_3928,86.380745
TEST_3929,82.2031
TEST_3930,87.378944
TEST_3931,80.1121
TEST_3932,88.14041
TEST_3933,85.87878
TEST_3934,84.60472
TEST_3935,80.1121
TEST_3936,80.1121
TEST_3937,84.028336
TEST_3938,82.140526
TEST_3939,84.431015
TEST_3940,83.20848
TEST_3941,83.85988
TEST_3942,82.72818
TEST_3943,83.983696
TEST_3944,87.25805
TEST_3945,83.02613
TEST_3946,80.1121
TEST_3947,82.19469
TEST_3948,82.72519
TEST_3949,86.71629
TEST_3950,84.07453
TEST_3951,82.55527
TEST_3952,80.1121
TEST_3953,80.1121
TEST_3954,82.611916
TEST_3955,87.27002
TEST_3956,80.1121
TEST_3957,82.15988
TEST_3958,82.03974
TEST_3959,80.1121
TEST_3960,86.245865
TEST_3961,80.1121
TEST_3962,83.03735
TEST_3963,83.896484
TEST_3964,83.28474
TEST_3965,86.850266
TEST_3966,82.70354
TEST_3967,80.1121
TEST_3968,82.2461
TEST_3969,86.413795
TEST_3970,82.24225
TEST_3971,88.05755
TEST_3972,82.310036
TEST_3973,83.180336
TEST_3974,80.1121
TEST_3975,88.837036
TEST_3976,86.216064
TEST_3977,80.1121
TEST_3978,88.18221
TEST_3979,80.1121
TEST_3980,80.1121
TEST_3981,88.26253
TEST_3982,88.0191
TEST_3983,87.11121
TEST_3984,82.29656
TEST_3985,80.1121
TEST_3986,80.1121
TEST_3987,82.276146
TEST_3988,82.77527
TEST_3989,83.23035
TEST_3990,80.1121
TEST_3991,82.31825
TEST_3992,80.1121
TEST_3993,82.592
TEST_3994,82.922264
TEST_3995,87.26684
TEST_3996,80.1121
TEST_3997,84.763405
TEST_3998,82.67515
TEST_3999,83.11058
TEST_4000,83.57166
TEST_4001,83.445564
TEST_4002,85.235405
TEST_4003,82.7383
TEST_4004,82.12361
TEST_4005,82.33056
TEST_4006,84.0207
TEST_4007,85.15863
TEST_4008,84.00621
TEST_4009,84.4332
TEST_4010,82.617035
TEST_4011,87.55743
TEST_4012,80.1121
TEST_4013,88.47014
TEST_4014,82.68201
TEST_4015,81.90649
TEST_4016,82.20319
TEST_4017,83.79571
TEST_4018,80.1121
TEST_4019,80.1121
TEST_4020,80.1121
TEST_4021,84.21375
TEST_4022,82.34439
TEST_4023,82.35916
TEST_4024,80.1121
TEST_4025,83.35813
TEST_4026,83.66834
TEST_4027,80.1121
TEST_4028,80.1121
TEST_4029,82.579994
TEST_4030,82.36191
TEST_4031,84.12592
TEST_4032,82.1246
TEST_4033,87.54475
TEST_4034,82.10724
TEST_4035,84.351845
TEST_4036,83.99979
TEST_4037,88.48039
TEST_4038,84.628365
TEST_4039,80.1121
TEST_4040,80.1121
TEST_4041,83.62551
TEST_4042,82.979744
TEST_4043,87.68617
TEST_4044,87.03915
TEST_4045,80.1121
TEST_4046,82.486946
TEST_4047,82.35243
TEST_4048,84.904816
TEST_4049,80.1121
TEST_4050,83.470955
TEST_4051,88.38925
TEST_4052,82.37008
TEST_4053,83.234924
TEST_4054,83.55437
TEST_4055,80.1121
TEST_4056,81.841576
TEST_4057,83.87166
TEST_4058,82.04511
TEST_4059,83.10965
TEST_4060,80.1121
TEST_4061,80.1121
TEST_4062,80.1121
TEST_4063,85.758125
TEST_4064,82.98037
TEST_4065,82.80205
TEST_4066,82.59436
TEST_4067,83.842545
TEST_4068,83.051865
TEST_4069,87.92652
TEST_4070,87.86145
TEST_4071,86.41909
TEST_4072,82.18734
TEST_4073,80.1121
TEST_4074,83.46489
TEST_4075,82.47412
TEST_4076,87.44603
TEST_4077,88.9222
TEST_4078,82.43317
TEST_4079,82.92787
TEST_4080,87.43255
TEST_4081,83.739365
TEST_4082,88.50275
TEST_4083,82.5071
TEST_4084,82.61049
TEST_4085,88.677315
TEST_4086,84.42465
TEST_4087,82.99849
TEST_4088,82.82128
TEST_4089,82.12432
TEST_4090,82.159294
TEST_4091,82.360405
TEST_4092,87.372215
TEST_4093,84.085556
TEST_4094,88.17206
TEST_4095,80.1121
TEST_4096,82.08957
TEST_4097,82.7238
TEST_4098,82.430374
TEST_4099,82.18635
TEST_4100,80.1121
TEST_4101,80.1121
TEST_4102,80.1121
TEST_4103,80.1121
TEST_4104,83.21513
TEST_4105,87.86359
TEST_4106,86.80948
TEST_4107,80.1121
TEST_4108,87.37716
TEST_4109,82.508026
TEST_4110,86.11326
TEST_4111,83.75275
TEST_4112,80.1121
TEST_4113,82.2924
TEST_4114,82.538246
TEST_4115,83.45875
TEST_4116,84.16722
TEST_4117,83.13639
TEST_4118,82.57675
TEST_4119,82.535225
TEST_4120,82.25884
TEST_4121,80.1121
TEST_4122,83.984825
TEST_4123,80.1121
TEST_4124,86.82097
TEST_4125,80.1121
TEST_4126,80.1121
TEST_4127,84.5067
TEST_4128,82.24297
TEST_4129,82.54783
TEST_4130,82.49007
TEST_4131,83.43757
TEST_4132,84.21944
TEST_4133,87.03228
TEST_4134,82.352615
TEST_4135,80.1121
TEST_4136,84.17563
TEST_4137,84.137314
TEST_4138,84.936905
TEST_4139,80.1121
TEST_4140,88.26526
TEST_4141,81.81912
TEST_4142,82.96069
TEST_4143,82.19963
TEST_4144,80.1121
TEST_4145,83.09325
TEST_4146,87.92827
TEST_4147,80.1121
TEST_4148,82.23139
TEST_4149,80.1121
TEST_4150,80.1121
TEST_4151,82.55722
TEST_4152,82.26173
TEST_4153,82.25236
TEST_4154,87.875694
TEST_4155,86.66738
TEST_4156,86.84313
TEST_4157,80.1121
TEST_4158,87.43225
TEST_4159,80.1121
TEST_4160,86.83148
TEST_4161,83.203094
TEST_4162,80.1121
TEST_4163,82.23607
TEST_4164,83.3784
TEST_4165,82.65571
TEST_4166,83.88464
TEST_4167,80.1121
TEST_4168,80.1121
TEST_4169,88.71528
TEST_4170,82.085846
TEST_4171,84.27852
TEST_4172,82.16395
TEST_4173,84.82473
TEST_4174,87.37166
TEST_4175,83.57836
TEST_4176,82.37927
TEST_4177,83.80747
TEST_4178,82.88504
TEST_4179,80.1121
TEST_4180,84.757515
TEST_4181,83.269615
TEST_4182,83.85688
TEST_4183,83.162506
TEST_4184,82.691216
TEST_4185,82.31025
TEST_4186,82.80027
TEST_4187,82.03987
TEST_4188,80.1121
TEST_4189,82.348274
TEST_4190,83.37183
TEST_4191,80.1121
TEST_4192,80.1121
TEST_4193,85.084206
TEST_4194,80.1121
TEST_4195,82.33676
TEST_4196,88.14198
TEST_4197,83.0803
TEST_4198,82.28354
TEST_4199,84.165
TEST_4200,82.30213
TEST_4201,80.1121
TEST_4202,82.24172
TEST_4203,87.06791
TEST_4204,82.68879
TEST_4205,88.43744
TEST_4206,80.1121
TEST_4207,80.1121
TEST_4208,82.59438
TEST_4209,80.1121
TEST_4210,82.554695
TEST_4211,83.180374
TEST_4212,82.958305
TEST_4213,80.1121
TEST_4214,88.38789
TEST_4215,80.1121
TEST_4216,82.55808
TEST_4217,84.998924
TEST_4218,80.1121
TEST_4219,83.08333
TEST_4220,80.1121
TEST_4221,80.1121
TEST_4222,82.73233
TEST_4223,80.1121
TEST_4224,85.70792
TEST_4225,82.33761
TEST_4226,87.17792
TEST_4227,82.2642
TEST_4228,83.288864
TEST_4229,85.21076
TEST_4230,82.37177
TEST_4231,82.81478
TEST_4232,82.34605
TEST_4233,82.7698
TEST_4234,84.108734
TEST_4235,80.1121
TEST_4236,83.64104
TEST_4237,88.23531
TEST_4238,84.65233
TEST_4239,85.79283
TEST_4240,83.55279
TEST_4241,85.90413
TEST_4242,85.86139
TEST_4243,82.62092
TEST_4244,87.52274
TEST_4245,84.27663
TEST_4246,83.155655
TEST_4247,88.17147
TEST_4248,88.59197
TEST_4249,80.1121
TEST_4250,82.46172
TEST_4251,80.1121
TEST_4252,80.1121
TEST_4253,85.40127
TEST_4254,84.84179
TEST_4255,83.27109
TEST_4256,82.19077
TEST_4257,85.892075
TEST_4258,88.163536
TEST_4259,87.95064
TEST_4260,82.33955
TEST_4261,80.1121
TEST_4262,80.1121
TEST_4263,84.4452
TEST_4264,83.438484
TEST_4265,80.1121
TEST_4266,80.1121
TEST_4267,83.096634
TEST_4268,82.334984
TEST_4269,82.405785
TEST_4270,82.31875
TEST_4271,84.27103
TEST_4272,80.1121
TEST_4273,82.13236
TEST_4274,82.59749
TEST_4275,82.508514
TEST_4276,86.28995
TEST_4277,82.09114
TEST_4278,80.1121
TEST_4279,87.047615
TEST_4280,83.03201
TEST_4281,82.24488
TEST_4282,80.1121
TEST_4283,88.32253
TEST_4284,82.82205
TEST_4285,85.27227
TEST_4286,80.1121
TEST_4287,88.23828
TEST_4288,82.512375
TEST_4289,80.1121
TEST_4290,86.39241
TEST_4291,82.56157
TEST_4292,80.1121
TEST_4293,88.48384
TEST_4294,87.52572
TEST_4295,80.1121
TEST_4296,83.02608
TEST_4297,82.94572
TEST_4298,84.16574
TEST_4299,80.1121
TEST_4300,80.1121
TEST_4301,80.1121
TEST_4302,82.98825
TEST_4303,87.07576
TEST_4304,86.4822
TEST_4305,88.84157
TEST_4306,82.232704
TEST_4307,82.33859
TEST_4308,80.1121
TEST_4309,80.1121
TEST_4310,84.28959
TEST_4311,80.1121
TEST_4312,84.423775
TEST_4313,82.3647
TEST_4314,83.09671
TEST_4315,80.1121
TEST_4316,82.32263
TEST_4317,83.43701
TEST_4318,88.08574
TEST_4319,82.47101
TEST_4320,84.825035
TEST_4321,80.1121
TEST_4322,80.1121
TEST_4323,80.1121
TEST_4324,81.91617
TEST_4325,85.55779
TEST_4326,82.497795
TEST_4327,82.4194
TEST_4328,80.1121
TEST_4329,88.17879
TEST_4330,80.1121
TEST_4331,82.05047
TEST_4332,82.19574
TEST_4333,80.1121
TEST_4334,84.26002
TEST_4335,80.1121
TEST_4336,82.20111
TEST_4337,80.1121
TEST_4338,82.46019
TEST_4339,82.90248
TEST_4340,82.33704
TEST_4341,82.508934
TEST_4342,82.286354
TEST_4343,80.1121
TEST_4344,87.16588
TEST_4345,87.7464
TEST_4346,85.71748
TEST_4347,80.1121
TEST_4348,80.1121
TEST_4349,84.7701
TEST_4350,84.96554
TEST_4351,87.50343
TEST_4352,82.63726
TEST_4353,82.03257
TEST_4354,82.60941
TEST_4355,82.328995
TEST_4356,83.19151
TEST_4357,80.1121
TEST_4358,82.49123
TEST_4359,84.49606
TEST_4360,82.3057
TEST_4361,80.1121
TEST_4362,85.39976
TEST_4363,87.998184
TEST_4364,80.1121
TEST_4365,80.1121
TEST_4366,82.95698
TEST_4367,80.1121
TEST_4368,83.68799
TEST_4369,80.1121
TEST_4370,85.53804
TEST_4371,80.1121
TEST_4372,80.1121
TEST_4373,80.1121
TEST_4374,83.18062
TEST_4375,80.1121
TEST_4376,83.07625
TEST_4377,80.1121
TEST_4378,83.04748
TEST_4379,80.1121
TEST_4380,80.1121
TEST_4381,83.82227
TEST_4382,80.1121
TEST_4383,82.428375
TEST_4384,82.470985
TEST_4385,80.1121
TEST_4386,80.1121
TEST_4387,84.19786
TEST_4388,82.23908
TEST_4389,84.392365
TEST_4390,82.7589
TEST_4391,88.74639
TEST_4392,80.1121
TEST_4393,82.98184
TEST_4394,80.1121
TEST_4395,82.862656
TEST_4396,82.46157
TEST_4397,84.08474
TEST_4398,80.1121
TEST_4399,85.21552
TEST_4400,80.1121
TEST_4401,83.73766
TEST_4402,82.18714
TEST_4403,82.2417
TEST_4404,80.1121
TEST_4405,80.1121
TEST_4406,82.229126
TEST_4407,82.74417
TEST_4408,82.44689
TEST_4409,84.65805
TEST_4410,88.38396
TEST_4411,83.61558
TEST_4412,80.1121
TEST_4413,80.1121
TEST_4414,83.29921
TEST_4415,82.29356
TEST_4416,83.42194
TEST_4417,82.631
TEST_4418,82.2598
TEST_4419,80.1121
TEST_4420,83.905876
TEST_4421,83.436424
TEST_4422,82.68672
TEST_4423,80.1121
TEST_4424,83.41807
TEST_4425,86.7363
TEST_4426,80.1121
TEST_4427,80.1121
TEST_4428,82.301956
TEST_4429,82.46898
TEST_4430,80.1121
TEST_4431,82.9718
TEST_4432,82.36006
TEST_4433,82.61786
TEST_4434,80.1121
TEST_4435,86.74908
TEST_4436,88.12345
TEST_4437,88.65715
TEST_4438,83.09228
TEST_4439,82.886925
TEST_4440,86.655205
TEST_4441,81.944016
TEST_4442,80.1121
TEST_4443,80.1121
TEST_4444,80.1121
TEST_4445,82.972755
TEST_4446,86.464066
TEST_4447,84.46915
TEST_4448,82.41087
TEST_4449,85.46395
TEST_4450,88.700294
TEST_4451,82.72013
TEST_4452,86.438416
TEST_4453,82.57593
TEST_4454,82.737885
TEST_4455,88.85028
TEST_4456,82.61779
TEST_4457,85.22243
TEST_4458,82.950905
TEST_4459,81.91893
TEST_4460,83.501366
TEST_4461,82.45298
TEST_4462,82.23142
TEST_4463,80.1121
TEST_4464,80.1121
TEST_4465,82.40012
TEST_4466,82.45629
TEST_4467,82.950806
TEST_4468,86.800446
TEST_4469,84.9234
TEST_4470,88.56078
TEST_4471,82.932236
TEST_4472,87.97208
TEST_4473,83.77559
TEST_4474,80.1121
TEST_4475,80.1121
TEST_4476,87.501724
TEST_4477,82.735504
TEST_4478,80.1121
TEST_4479,83.2785
TEST_4480,82.705025
TEST_4481,83.680786
TEST_4482,82.20594
TEST_4483,82.10979
TEST_4484,80.1121
TEST_4485,82.31712
TEST_4486,80.1121
TEST_4487,87.56934
TEST_4488,83.10639
TEST_4489,83.08046
TEST_4490,80.1121
TEST_4491,87.214905
TEST_4492,83.734505
TEST_4493,80.1121
TEST_4494,82.133316
TEST_4495,88.75713
TEST_4496,82.938065
TEST_4497,84.237816
TEST_4498,80.1121
TEST_4499,84.63587
TEST_4500,80.1121
TEST_4501,88.62944
TEST_4502,82.67307
TEST_4503,83.838066
TEST_4504,85.2989
TEST_4505,82.17203
TEST_4506,87.06329
TEST_4507,80.1121
TEST_4508,87.7074
TEST_4509,86.006134
TEST_4510,82.93591
TEST_4511,80.1121
TEST_4512,83.177475
TEST_4513,83.60158
TEST_4514,82.73187
TEST_4515,82.45518
TEST_4516,82.95373
TEST_4517,85.081406
TEST_4518,82.77865
TEST_4519,80.1121
TEST_4520,82.43265
TEST_4521,80.1121
TEST_4522,87.920815
TEST_4523,83.23405
TEST_4524,80.1121
TEST_4525,83.54275
TEST_4526,82.19858
TEST_4527,80.1121
TEST_4528,85.64085
TEST_4529,80.1121
TEST_4530,82.490616
TEST_4531,88.65495
TEST_4532,87.750435
TEST_4533,80.1121
TEST_4534,80.1121
TEST_4535,82.552734
TEST_4536,84.69083
TEST_4537,80.1121
TEST_4538,80.1121
TEST_4539,80.1121
TEST_4540,84.356
TEST_4541,86.771225
TEST_4542,82.79997
TEST_4543,87.88102
TEST_4544,82.22108
TEST_4545,88.12081
TEST_4546,85.33986
TEST_4547,80.1121
TEST_4548,82.88728
TEST_4549,82.852745
TEST_4550,80.1121
TEST_4551,87.64028
TEST_4552,84.599075
TEST_4553,80.1121
TEST_4554,80.1121
TEST_4555,80.1121
TEST_4556,80.1121
TEST_4557,82.79297
TEST_4558,83.38988
TEST_4559,82.86361
TEST_4560,82.84
TEST_4561,82.528885
TEST_4562,82.67664
TEST_4563,84.87543
TEST_4564,86.716675
TEST_4565,85.66775
TEST_4566,84.241104
TEST_4567,82.27352
TEST_4568,80.1121
TEST_4569,86.473724
TEST_4570,87.65592
TEST_4571,84.18804
TEST_4572,82.427505
TEST_4573,88.449036
TEST_4574,83.161415
TEST_4575,86.824265
TEST_4576,82.69754
TEST_4577,80.1121
TEST_4578,80.1121
TEST_4579,82.018105
TEST_4580,83.5133
TEST_4581,81.98852
TEST_4582,88.6301
TEST_4583,80.1121
TEST_4584,84.75588
TEST_4585,80.1121
TEST_4586,88.22209
TEST_4587,83.79474
TEST_4588,87.07283
TEST_4589,87.24561
TEST_4590,80.1121
TEST_4591,80.1121
TEST_4592,81.939125
TEST_4593,84.0834
TEST_4594,80.1121
TEST_4595,80.1121
TEST_4596,80.1121
TEST_4597,88.11271
TEST_4598,83.28594
TEST_4599,80.1121
TEST_4600,83.75995
TEST_4601,82.17837
TEST_4602,82.39598
TEST_4603,83.39089
TEST_4604,83.070694
TEST_4605,84.11659
TEST_4606,85.3374
TEST_4607,80.1121
TEST_4608,82.11902
TEST_4609,82.31204
TEST_4610,80.1121
TEST_4611,87.76082
TEST_4612,85.76629
TEST_4613,80.1121
TEST_4614,84.77598
TEST_4615,83.27585
TEST_4616,82.18065
TEST_4617,82.89442
TEST_4618,82.87538
TEST_4619,86.10764
TEST_4620,82.29718
TEST_4621,82.63437
TEST_4622,82.38079
TEST_4623,82.52353
TEST_4624,80.1121
TEST_4625,85.08059
TEST_4626,81.84885
TEST_4627,80.1121
TEST_4628,80.1121
TEST_4629,87.04919
TEST_4630,85.8943
TEST_4631,82.58973
TEST_4632,82.61832
TEST_4633,82.29397
TEST_4634,84.95376
TEST_4635,80.1121
TEST_4636,80.1121
TEST_4637,87.41704
TEST_4638,82.30653
TEST_4639,80.1121
TEST_4640,84.506294
TEST_4641,82.44792
TEST_4642,87.399086
TEST_4643,82.86998
TEST_4644,82.63534
TEST_4645,80.1121
TEST_4646,83.01775
TEST_4647,85.15204
TEST_4648,84.897545
TEST_4649,82.338776
TEST_4650,80.1121
TEST_4651,83.714615
TEST_4652,80.1121
TEST_4653,80.1121
TEST_4654,83.17411
TEST_4655,80.1121
TEST_4656,84.44536
TEST_4657,82.39599
TEST_4658,82.14358
TEST_4659,87.42451
TEST_4660,84.65884
TEST_4661,83.80171
TEST_4662,80.1121
TEST_4663,84.05531
TEST_4664,80.1121
TEST_4665,85.26029
TEST_4666,80.1121
TEST_4667,82.03692
TEST_4668,83.267235
TEST_4669,81.97047
TEST_4670,84.69198
TEST_4671,82.26639
TEST_4672,83.12355
TEST_4673,84.090576
TEST_4674,87.79305
TEST_4675,80.1121
TEST_4676,82.43205
TEST_4677,80.1121
TEST_4678,86.80822
TEST_4679,82.852005
TEST_4680,82.80765
TEST_4681,82.3063
TEST_4682,87.98901
TEST_4683,82.129654
TEST_4684,80.1121
TEST_4685,85.4276
TEST_4686,80.1121
TEST_4687,82.03753
TEST_4688,82.496574
TEST_4689,88.43509
TEST_4690,87.81655
TEST_4691,87.28041
TEST_4692,84.04979
TEST_4693,82.885735
TEST_4694,83.88762
TEST_4695,80.1121
TEST_4696,82.54466
TEST_4697,80.1121
TEST_4698,87.74538
TEST_4699,88.68592
TEST_4700,84.66051
TEST_4701,80.1121
TEST_4702,84.78796
TEST_4703,88.55
TEST_4704,80.1121
TEST_4705,88.14015
TEST_4706,82.90404
TEST_4707,80.1121
TEST_4708,80.1121
TEST_4709,80.1121
TEST_4710,82.71759
TEST_4711,87.909775
TEST_4712,80.1121
TEST_4713,82.74039
TEST_4714,82.02323
TEST_4715,80.1121
TEST_4716,84.00814
TEST_4717,80.1121
TEST_4718,82.212036
TEST_4719,82.59259
TEST_4720,80.1121
TEST_4721,83.08552
TEST_4722,87.943794
TEST_4723,81.92421
TEST_4724,80.1121
TEST_4725,83.053535
TEST_4726,80.1121
TEST_4727,82.73047
TEST_4728,87.50824
TEST_4729,82.96604
TEST_4730,82.19695
TEST_4731,85.00939
TEST_4732,87.56767
TEST_4733,83.078156
TEST_4734,87.82555
TEST_4735,83.58973
TEST_4736,88.69516
TEST_4737,80.1121
TEST_4738,87.75382
TEST_4739,83.93012
TEST_4740,85.4972
TEST_4741,80.1121
TEST_4742,83.746735
TEST_4743,80.1121
TEST_4744,80.1121
TEST_4745,80.1121
TEST_4746,80.1121
TEST_4747,88.19552
TEST_4748,88.411446
TEST_4749,84.01634
TEST_4750,82.60463
TEST_4751,87.23593
TEST_4752,80.1121
TEST_4753,82.39361
TEST_4754,86.59755
TEST_4755,84.28385
TEST_4756,82.000206
TEST_4757,80.1121
TEST_4758,80.1121
TEST_4759,88.01687
TEST_4760,85.78479
TEST_4761,80.1121
TEST_4762,84.32248
TEST_4763,80.1121
TEST_4764,80.1121
TEST_4765,80.1121
TEST_4766,82.22319
TEST_4767,86.74175
TEST_4768,82.56677
TEST_4769,82.82081
TEST_4770,82.2645
TEST_4771,84.3311
TEST_4772,86.80387
TEST_4773,82.60858
TEST_4774,83.10563
TEST_4775,80.1121
TEST_4776,83.13404
TEST_4777,82.20912
TEST_4778,85.156136
TEST_4779,82.77675
TEST_4780,84.40095
TEST_4781,88.6159
TEST_4782,82.499855
TEST_4783,82.78466
TEST_4784,80.1121
TEST_4785,80.1121
TEST_4786,82.98236
TEST_4787,80.1121
TEST_4788,80.1121
TEST_4789,82.208885
TEST_4790,82.87063
TEST_4791,83.2864
TEST_4792,83.16849
TEST_4793,82.04853
TEST_4794,84.24962
TEST_4795,80.1121
TEST_4796,80.1121
TEST_4797,83.58014
TEST_4798,83.16202
TEST_4799,80.1121
TEST_4800,80.1121
TEST_4801,80.1121
TEST_4802,88.790146
TEST_4803,86.37533
TEST_4804,86.95657
TEST_4805,82.546486
TEST_4806,82.21078
TEST_4807,84.4993
TEST_4808,82.05616
TEST_4809,81.947525
TEST_4810,80.1121
TEST_4811,81.9195
TEST_4812,82.273865
TEST_4813,84.93019
TEST_4814,82.95423
TEST_4815,84.41554
TEST_4816,82.38477
TEST_4817,82.335106
TEST_4818,82.68109
TEST_4819,80.1121
TEST_4820,82.6495
TEST_4821,83.90175
TEST_4822,87.74702
TEST_4823,80.1121
TEST_4824,87.32744
TEST_4825,80.1121
TEST_4826,82.59579
TEST_4827,82.63585
TEST_4828,88.14998
TEST_4829,80.1121
TEST_4830,82.98299
TEST_4831,80.1121
TEST_4832,83.14206
TEST_4833,80.1121
TEST_4834,88.003105
TEST_4835,82.800125
TEST_4836,84.064445
TEST_4837,82.22443
TEST_4838,83.1077
TEST_4839,83.129074
TEST_4840,84.83043
TEST_4841,80.1121
TEST_4842,80.1121
TEST_4843,86.190216
TEST_4844,81.97905
TEST_4845,86.65017
TEST_4846,82.748535
TEST_4847,80.1121
TEST_4848,80.1121
TEST_4849,82.796005
TEST_4850,84.5618
TEST_4851,82.69645
TEST_4852,82.44849
TEST_4853,86.59867
TEST_4854,80.1121
TEST_4855,80.1121
TEST_4856,81.83986
TEST_4857,84.81845
TEST_4858,80.1121
TEST_4859,82.44823
TEST_4860,82.31645
TEST_4861,82.409706
TEST_4862,87.24589
TEST_4863,83.30484
TEST_4864,80.1121
TEST_4865,80.1121
TEST_4866,80.1121
TEST_4867,87.45161
TEST_4868,86.43256
TEST_4869,80.1121
TEST_4870,82.80843
TEST_4871,80.1121
TEST_4872,80.1121
TEST_4873,80.1121
TEST_4874,80.1121
TEST_4875,80.1121
TEST_4876,87.51764
TEST_4877,82.26052
TEST_4878,87.99467
TEST_4879,82.076836
TEST_4880,80.1121
TEST_4881,87.8439
TEST_4882,80.1121
TEST_4883,85.07967
TEST_4884,80.1121
TEST_4885,82.07571
TEST_4886,82.31929
TEST_4887,80.1121
TEST_4888,83.10145
TEST_4889,80.1121
TEST_4890,84.70777
TEST_4891,80.1121
TEST_4892,80.1121
TEST_4893,80.1121
TEST_4894,82.25685
TEST_4895,82.409134
TEST_4896,82.72803
TEST_4897,85.78255
TEST_4898,82.95975
TEST_4899,83.57404
TEST_4900,82.57617
TEST_4901,80.1121
TEST_4902,82.41532
TEST_4903,82.10441
TEST_4904,83.59053
TEST_4905,82.05832
TEST_4906,84.9704
TEST_4907,85.951294
TEST_4908,83.703896
TEST_4909,80.1121
TEST_4910,80.1121
TEST_4911,87.4511
TEST_4912,82.13375
TEST_4913,81.95537
TEST_4914,82.487564
TEST_4915,80.1121
TEST_4916,82.954926
TEST_4917,83.073456
TEST_4918,82.06953
TEST_4919,84.02788
TEST_4920,83.51827
TEST_4921,88.214745
TEST_4922,80.1121
TEST_4923,82.359344
TEST_4924,80.1121
TEST_4925,82.07603
TEST_4926,85.73531
TEST_4927,82.08462
TEST_4928,88.11672
TEST_4929,84.16144
TEST_4930,80.1121
TEST_4931,82.77202
TEST_4932,80.1121
TEST_4933,85.00673
TEST_4934,82.35583
TEST_4935,80.1121
TEST_4936,88.73376
TEST_4937,80.1121
TEST_4938,80.1121
TEST_4939,82.08284
TEST_4940,80.1121
TEST_4941,82.123764
TEST_4942,82.58823
TEST_4943,80.1121
TEST_4944,80.1121
TEST_4945,82.612465
TEST_4946,83.89974
TEST_4947,82.2929
TEST_4948,80.1121
TEST_4949,87.51203
TEST_4950,82.34778
TEST_4951,80.1121
TEST_4952,82.56465
TEST_4953,80.1121
TEST_4954,82.173065
TEST_4955,88.5374
TEST_4956,82.493355
TEST_4957,84.35488
TEST_4958,82.614456
TEST_4959,82.759964
TEST_4960,80.1121
TEST_4961,82.303734
TEST_4962,80.1121
TEST_4963,83.492775
TEST_4964,80.1121
TEST_4965,80.1121
TEST_4966,82.37726
TEST_4967,82.78002
TEST_4968,80.1121
TEST_4969,83.70994
TEST_4970,80.1121
TEST_4971,88.389565
TEST_4972,87.719215
TEST_4973,82.40075
TEST_4974,83.14521
TEST_4975,88.02032
TEST_4976,83.58409
TEST_4977,81.99284
TEST_4978,82.43625
TEST_4979,80.1121
TEST_4980,85.23687
TEST_4981,83.68285
TEST_4982,87.91574
TEST_4983,80.1121
TEST_4984,80.1121
TEST_4985,82.70798
